Subject,ExperimentName,Trials,KDEFfaces,StoryEmotion,FaceExpression,Stats,RT
1,SS ExpA,1,Happy 1 Male.JPG,Happy,Happy,Total Slide1.RT,1659.00
1,SS ExpA,2,Happy 2 Male.JPG,Sad,Happy,Total Slide1.RT,1662.00
1,SS ExpA,3,Sad 1 Female.JPG,Sad,Sad,Total Slide1.RT,1306.00
1,SS ExpA,4,Sad 2 Female.JPG,Happy,Sad,Total Slide1.RT,1514.00
1,SS ExpA,5,Happy 3 Female.JPG,Happy,Happy,Total Slide1.RT,1220.00
1,SS ExpA,6,Happy 4 Female.JPG,Sad,Happy,Total Slide1.RT,2552.00
1,SS ExpA,7,Sad 3 Male.JPG,Sad,Sad,Total Slide1.RT,1480.00
1,SS ExpA,8,Sad 4 Male.JPG,Happy,Sad,Total Slide1.RT,1462.00
1,SS ExpA,9,Happy 5 Male.JPG,Happy,Happy,Total Slide1.RT,1349.00
1,SS ExpA,10,Happy 6 Male.JPG,Sad,Happy,Total Slide1.RT,2874.00
1,SS ExpA,12,Sad 6 Female.JPG,Happy,Sad,Total Slide1.RT,1323.00
1,SS ExpA,13,Happy 7 Female.JPG,Happy,Happy,Total Slide1.RT,1399.00
1,SS ExpA,14,Happy 8 Female.JPG,Sad,Happy,Total Slide1.RT,1331.00
1,SS ExpA,15,Sad 7 Male.JPG,Sad,Sad,Total Slide1.RT,1437.00
1,SS ExpA,16,Sad 8 Male.JPG,Happy,Sad,Total Slide1.RT,1651.00
1,SS ExpA,17,Happy 9 Male.JPG,Happy,Happy,Total Slide1.RT,1343.00
1,SS ExpA,18,Happy 10 Male.JPG,Sad,Happy,Total Slide1.RT,1534.00
1,SS ExpA,19,Sad 9 Female.JPG,Sad,Sad,Total Slide1.RT,1532.00
1,SS ExpA,20,Sad 10 Female.JPG,Happy,Sad,Total Slide1.RT,1803.00
1,SS ExpA,21,Happy 11 Female.JPG,Happy,Happy,Total Slide1.RT,1741.00
1,SS ExpA,22,Happy 12 Female.JPG,Sad,Happy,Total Slide1.RT,2185.00
1,SS ExpA,23,Sad 11 Male.JPG,Sad,Sad,Total Slide1.RT,1870.00
1,SS ExpA,24,Sad 12 Male.JPG,Happy,Sad,Total Slide1.RT,1772.00
1,SS ExpA,25,Happy 13 Male.JPG,Happy,Happy,Total Slide1.RT,1304.00
1,SS ExpA,26,Happy 14 Male.JPG,Sad,Happy,Total Slide1.RT,1310.00
1,SS ExpA,27,Sad 13 Female.JPG,Sad,Sad,Total Slide1.RT,1237.00
1,SS ExpA,28,Sad 14 Female.JPG,Happy,Sad,Total Slide1.RT,2073.00
1,SS ExpA,29,Happy 15 Female.JPG,Happy,Happy,Total Slide1.RT,1241.00
1,SS ExpA,30,Happy 16 Female.JPG,Sad,Happy,Total Slide1.RT,3138.00
1,SS ExpA,31,Sad 15 Male.JPG,Sad,Sad,Total Slide1.RT,2158.00
1,SS ExpA,32,Sad 16 Male.JPG,Happy,Sad,Total Slide1.RT,1499.00
100,SS ExpB,1,Sad 3 Male.JPG,Happy,Sad,Total Slide1.RT,1541.00
100,SS ExpB,2,Sad 4 Male.JPG,Sad,Sad,Total Slide1.RT,1620.00
100,SS ExpB,3,Happy 3 Female.JPG,Sad,Happy,Total Slide1.RT,1592.00
100,SS ExpB,4,Happy 4 Female.JPG,Happy,Happy,Total Slide1.RT,1057.00
100,SS ExpB,5,Sad 1 Female.JPG,Happy,Sad,Total Slide1.RT,1684.00
100,SS ExpB,6,Sad 2 Female.JPG,Sad,Sad,Total Slide1.RT,1176.00
100,SS ExpB,7,Happy 1 Male.JPG,Sad,Happy,Total Slide1.RT,1181.00
100,SS ExpB,8,Happy 2 Male.JPG,Happy,Happy,Total Slide1.RT,1439.00
100,SS ExpB,9,Sad 7 Male.JPG,Happy,Sad,Total Slide1.RT,1188.00
100,SS ExpB,10,Sad 8 Male.JPG,Sad,Sad,Total Slide1.RT,907.00
100,SS ExpB,11,Happy 7 Female.JPG,Sad,Happy,Total Slide1.RT,965.00
100,SS ExpB,12,Happy 8 Female.JPG,Happy,Happy,Total Slide1.RT,1736.00
100,SS ExpB,13,Sad 5 Female.JPG,Happy,Sad,Total Slide1.RT,1270.00
100,SS ExpB,14,Sad 6 Female.JPG,Sad,Sad,Total Slide1.RT,1168.00
100,SS ExpB,15,Happy 5 Male.JPG,Sad,Happy,Total Slide1.RT,920.00
100,SS ExpB,16,Happy 6 Male.JPG,Happy,Happy,Total Slide1.RT,1329.00
100,SS ExpB,17,Sad 11 Male.JPG,Happy,Sad,Total Slide1.RT,1311.00
100,SS ExpB,18,Sad 12 Male.JPG,Sad,Sad,Total Slide1.RT,1436.00
100,SS ExpB,19,Happy 11 Female.JPG,Sad,Happy,Total Slide1.RT,1397.00
100,SS ExpB,20,Happy 12 Female.JPG,Happy,Happy,Total Slide1.RT,1192.00
100,SS ExpB,21,Sad 9 Female.JPG,Happy,Sad,Total Slide1.RT,1406.00
100,SS ExpB,22,Sad 10 Female.JPG,Sad,Sad,Total Slide1.RT,1041.00
100,SS ExpB,23,Happy 9 Male.JPG,Sad,Happy,Total Slide1.RT,1666.00
100,SS ExpB,24,Happy 10 Male.JPG,Happy,Happy,Total Slide1.RT,973.00
100,SS ExpB,25,Sad 15 Male.JPG,Happy,Sad,Total Slide1.RT,1256.00
100,SS ExpB,26,Sad 16 Male.JPG,Sad,Sad,Total Slide1.RT,1108.00
100,SS ExpB,27,Happy 15 Female.JPG,Sad,Happy,Total Slide1.RT,1287.00
100,SS ExpB,28,Happy 16 Female.JPG,Happy,Happy,Total Slide1.RT,1034.00
100,SS ExpB,29,Sad 13 Female.JPG,Happy,Sad,Total Slide1.RT,1541.00
100,SS ExpB,30,Sad 14 Female.JPG,Sad,Sad,Total Slide1.RT,1328.00
100,SS ExpB,31,Happy 13 Male.JPG ,Sad,Happy,Total Slide1.RT,2113.00
100,SS ExpB,32,Happy 14 Male.JPG,Happy,Happy,Total Slide1.RT,1013.00
2,SS ExpA,1,Happy 1 Male.JPG,Happy,Happy,Total Slide1.RT,1656.00
2,SS ExpA,2,Happy 2 Male.JPG,Sad,Happy,Total Slide1.RT,1206.00
2,SS ExpA,3,Sad 1 Female.JPG,Sad,Sad,Total Slide1.RT,1321.00
2,SS ExpA,4,Sad 2 Female.JPG,Happy,Sad,Total Slide1.RT,1602.00
2,SS ExpA,5,Happy 3 Female.JPG,Happy,Happy,Total Slide1.RT,1208.00
2,SS ExpA,6,Happy 4 Female.JPG,Sad,Happy,Total Slide1.RT,1481.00
2,SS ExpA,7,Sad 3 Male.JPG,Sad,Sad,Total Slide1.RT,1299.00
2,SS ExpA,8,Sad 4 Male.JPG,Happy,Sad,Total Slide1.RT,3186.00
2,SS ExpA,9,Happy 5 Male.JPG,Happy,Happy,Total Slide1.RT,2571.00
2,SS ExpA,10,Happy 6 Male.JPG,Sad,Happy,Total Slide1.RT,2139.00
2,SS ExpA,12,Sad 6 Female.JPG,Happy,Sad,Total Slide1.RT,1739.00
2,SS ExpA,13,Happy 7 Female.JPG,Happy,Happy,Total Slide1.RT,1296.00
2,SS ExpA,14,Happy 8 Female.JPG,Sad,Happy,Total Slide1.RT,1546.00
2,SS ExpA,15,Sad 7 Male.JPG,Sad,Sad,Total Slide1.RT,1463.00
2,SS ExpA,16,Sad 8 Male.JPG,Happy,Sad,Total Slide1.RT,3640.00
2,SS ExpA,18,Happy 10 Male.JPG,Sad,Happy,Total Slide1.RT,1448.00
2,SS ExpA,19,Sad 9 Female.JPG,Sad,Sad,Total Slide1.RT,3213.00
2,SS ExpA,20,Sad 10 Female.JPG,Happy,Sad,Total Slide1.RT,2637.00
2,SS ExpA,21,Happy 11 Female.JPG,Happy,Happy,Total Slide1.RT,1555.00
2,SS ExpA,22,Happy 12 Female.JPG,Sad,Happy,Total Slide1.RT,1426.00
2,SS ExpA,23,Sad 11 Male.JPG,Sad,Sad,Total Slide1.RT,1223.00
2,SS ExpA,25,Happy 13 Male.JPG,Happy,Happy,Total Slide1.RT,1277.00
2,SS ExpA,26,Happy 14 Male.JPG,Sad,Happy,Total Slide1.RT,1889.00
2,SS ExpA,27,Sad 13 Female.JPG,Sad,Sad,Total Slide1.RT,1887.00
2,SS ExpA,28,Sad 14 Female.JPG,Happy,Sad,Total Slide1.RT,2472.00
2,SS ExpA,29,Happy 15 Female.JPG,Happy,Happy,Total Slide1.RT,1408.00
2,SS ExpA,30,Happy 16 Female.JPG,Sad,Happy,Total Slide1.RT,1931.00
2,SS ExpA,31,Sad 15 Male.JPG,Sad,Sad,Total Slide1.RT,4090.00
2,SS ExpA,32,Sad 16 Male.JPG,Happy,Sad,Total Slide1.RT,1309.00
200,SS ExpB,1,Sad 3 Male.JPG,Happy,Sad,Total Slide1.RT,2757.00
200,SS ExpB,2,Sad 4 Male.JPG,Sad,Sad,Total Slide1.RT,1670.00
200,SS ExpB,4,Happy 4 Female.JPG,Happy,Happy,Total Slide1.RT,1240.00
200,SS ExpB,5,Sad 1 Female.JPG,Happy,Sad,Total Slide1.RT,2014.00
200,SS ExpB,6,Sad 2 Female.JPG,Sad,Sad,Total Slide1.RT,1666.00
200,SS ExpB,7,Happy 1 Male.JPG,Sad,Happy,Total Slide1.RT,2258.00
200,SS ExpB,8,Happy 2 Male.JPG,Happy,Happy,Total Slide1.RT,1771.00
200,SS ExpB,9,Sad 7 Male.JPG,Happy,Sad,Total Slide1.RT,1866.00
200,SS ExpB,10,Sad 8 Male.JPG,Sad,Sad,Total Slide1.RT,2560.00
200,SS ExpB,12,Happy 8 Female.JPG,Happy,Happy,Total Slide1.RT,2137.00
200,SS ExpB,13,Sad 5 Female.JPG,Happy,Sad,Total Slide1.RT,1610.00
200,SS ExpB,14,Sad 6 Female.JPG,Sad,Sad,Total Slide1.RT,1360.00
200,SS ExpB,15,Happy 5 Male.JPG,Sad,Happy,Total Slide1.RT,5325.00
200,SS ExpB,17,Sad 11 Male.JPG,Happy,Sad,Total Slide1.RT,2564.00
200,SS ExpB,18,Sad 12 Male.JPG,Sad,Sad,Total Slide1.RT,2322.00
200,SS ExpB,19,Happy 11 Female.JPG,Sad,Happy,Total Slide1.RT,2623.00
200,SS ExpB,21,Sad 9 Female.JPG,Happy,Sad,Total Slide1.RT,1936.00
200,SS ExpB,22,Sad 10 Female.JPG,Sad,Sad,Total Slide1.RT,1794.00
200,SS ExpB,23,Happy 9 Male.JPG,Sad,Happy,Total Slide1.RT,2602.00
200,SS ExpB,24,Happy 10 Male.JPG,Happy,Happy,Total Slide1.RT,2017.00
200,SS ExpB,25,Sad 15 Male.JPG,Happy,Sad,Total Slide1.RT,2089.00
200,SS ExpB,27,Happy 15 Female.JPG,Sad,Happy,Total Slide1.RT,1893.00
200,SS ExpB,28,Happy 16 Female.JPG,Happy,Happy,Total Slide1.RT,1644.00
200,SS ExpB,29,Sad 13 Female.JPG,Happy,Sad,Total Slide1.RT,1855.00
200,SS ExpB,30,Sad 14 Female.JPG,Sad,Sad,Total Slide1.RT,1298.00
200,SS ExpB,31,Happy 13 Male.JPG ,Sad,Happy,Total Slide1.RT,3304.00
200,SS ExpB,32,Happy 14 Male.JPG,Happy,Happy,Total Slide1.RT,1817.00
5,SS ExpB,1,Sad 3 Male.JPG,Happy,Sad,Total Slide1.RT,1134.00
5,SS ExpB,2,Sad 4 Male.JPG,Sad,Sad,Total Slide1.RT,1658.00
5,SS ExpB,3,Happy 3 Female.JPG,Sad,Happy,Total Slide1.RT,766.00
5,SS ExpB,4,Happy 4 Female.JPG,Happy,Happy,Total Slide1.RT,848.00
5,SS ExpB,5,Sad 1 Female.JPG,Happy,Sad,Total Slide1.RT,1205.00
5,SS ExpB,6,Sad 2 Female.JPG,Sad,Sad,Total Slide1.RT,1437.00
5,SS ExpB,7,Happy 1 Male.JPG,Sad,Happy,Total Slide1.RT,1122.00
5,SS ExpB,8,Happy 2 Male.JPG,Happy,Happy,Total Slide1.RT,1283.00
5,SS ExpB,9,Sad 7 Male.JPG,Happy,Sad,Total Slide1.RT,1408.00
5,SS ExpB,12,Happy 8 Female.JPG,Happy,Happy,Total Slide1.RT,931.00
5,SS ExpB,13,Sad 5 Female.JPG,Happy,Sad,Total Slide1.RT,1299.00
5,SS ExpB,14,Sad 6 Female.JPG,Sad,Sad,Total Slide1.RT,1389.00
5,SS ExpB,16,Happy 6 Male.JPG,Happy,Happy,Total Slide1.RT,1140.00
5,SS ExpB,17,Sad 11 Male.JPG,Happy,Sad,Total Slide1.RT,1524.00
5,SS ExpB,18,Sad 12 Male.JPG,Sad,Sad,Total Slide1.RT,1643.00
5,SS ExpB,19,Happy 11 Female.JPG,Sad,Happy,Total Slide1.RT,1435.00
5,SS ExpB,20,Happy 12 Female.JPG,Happy,Happy,Total Slide1.RT,980.00
5,SS ExpB,21,Sad 9 Female.JPG,Happy,Sad,Total Slide1.RT,1363.00
5,SS ExpB,23,Happy 9 Male.JPG,Sad,Happy,Total Slide1.RT,1384.00
5,SS ExpB,25,Sad 15 Male.JPG,Happy,Sad,Total Slide1.RT,984.00
5,SS ExpB,26,Sad 16 Male.JPG,Sad,Sad,Total Slide1.RT,1511.00
5,SS ExpB,27,Happy 15 Female.JPG,Sad,Happy,Total Slide1.RT,993.00
5,SS ExpB,28,Happy 16 Female.JPG,Happy,Happy,Total Slide1.RT,1309.00
5,SS ExpB,29,Sad 13 Female.JPG,Happy,Sad,Total Slide1.RT,1077.00
5,SS ExpB,30,Sad 14 Female.JPG,Sad,Sad,Total Slide1.RT,862.00
5,SS ExpB,31,Happy 13 Male.JPG ,Sad,Happy,Total Slide1.RT,1087.00
6,SS ExpA,1,Happy 1 Male.JPG,Happy,Happy,Total Slide1.RT,2159.00
6,SS ExpA,2,Happy 2 Male.JPG,Sad,Happy,Total Slide1.RT,2389.00
6,SS ExpA,3,Sad 1 Female.JPG,Sad,Sad,Total Slide1.RT,1898.00
6,SS ExpA,4,Sad 2 Female.JPG,Happy,Sad,Total Slide1.RT,8071.00
6,SS ExpA,5,Happy 3 Female.JPG,Happy,Happy,Total Slide1.RT,1377.00
6,SS ExpA,6,Happy 4 Female.JPG,Sad,Happy,Total Slide1.RT,2051.00
6,SS ExpA,7,Sad 3 Male.JPG,Sad,Sad,Total Slide1.RT,1426.00
6,SS ExpA,8,Sad 4 Male.JPG,Happy,Sad,Total Slide1.RT,4602.00
6,SS ExpA,9,Happy 5 Male.JPG,Happy,Happy,Total Slide1.RT,1388.00
6,SS ExpA,10,Happy 6 Male.JPG,Sad,Happy,Total Slide1.RT,2948.00
6,SS ExpA,11,Sad 5 Female.JPG,Sad,Sad,Total Slide1.RT,1608.00
6,SS ExpA,12,Sad 6 Female.JPG,Happy,Sad,Total Slide1.RT,2812.00
6,SS ExpA,13,Happy 7 Female.JPG,Happy,Happy,Total Slide1.RT,2335.00
6,SS ExpA,14,Happy 8 Female.JPG,Sad,Happy,Total Slide1.RT,3842.00
6,SS ExpA,15,Sad 7 Male.JPG,Sad,Sad,Total Slide1.RT,2226.00
6,SS ExpA,16,Sad 8 Male.JPG,Happy,Sad,Total Slide1.RT,1800.00
6,SS ExpA,17,Happy 9 Male.JPG,Happy,Happy,Total Slide1.RT,1422.00
6,SS ExpA,18,Happy 10 Male.JPG,Sad,Happy,Total Slide1.RT,1936.00
6,SS ExpA,19,Sad 9 Female.JPG,Sad,Sad,Total Slide1.RT,1817.00
6,SS ExpA,20,Sad 10 Female.JPG,Happy,Sad,Total Slide1.RT,2489.00
6,SS ExpA,21,Happy 11 Female.JPG,Happy,Happy,Total Slide1.RT,1422.00
6,SS ExpA,22,Happy 12 Female.JPG,Sad,Happy,Total Slide1.RT,3534.00
6,SS ExpA,23,Sad 11 Male.JPG,Sad,Sad,Total Slide1.RT,1387.00
6,SS ExpA,24,Sad 12 Male.JPG,Happy,Sad,Total Slide1.RT,2296.00
6,SS ExpA,25,Happy 13 Male.JPG,Happy,Happy,Total Slide1.RT,1320.00
6,SS ExpA,27,Sad 13 Female.JPG,Sad,Sad,Total Slide1.RT,1764.00
6,SS ExpA,28,Sad 14 Female.JPG,Happy,Sad,Total Slide1.RT,4235.00
6,SS ExpA,29,Happy 15 Female.JPG,Happy,Happy,Total Slide1.RT,1685.00
6,SS ExpA,30,Happy 16 Female.JPG,Sad,Happy,Total Slide1.RT,1864.00
6,SS ExpA,31,Sad 15 Male.JPG,Sad,Sad,Total Slide1.RT,2354.00
6,SS ExpA,32,Sad 16 Male.JPG,Happy,Sad,Total Slide1.RT,3391.00
8,SS ExpB,1,Sad 3 Male.JPG,Happy,Sad,Total Slide1.RT,1280.00
8,SS ExpB,2,Sad 4 Male.JPG,Sad,Sad,Total Slide1.RT,1544.00
8,SS ExpB,3,Happy 3 Female.JPG,Sad,Happy,Total Slide1.RT,1806.00
8,SS ExpB,4,Happy 4 Female.JPG,Happy,Happy,Total Slide1.RT,1283.00
8,SS ExpB,5,Sad 1 Female.JPG,Happy,Sad,Total Slide1.RT,1627.00
8,SS ExpB,6,Sad 2 Female.JPG,Sad,Sad,Total Slide1.RT,1247.00
8,SS ExpB,7,Happy 1 Male.JPG,Sad,Happy,Total Slide1.RT,2786.00
8,SS ExpB,8,Happy 2 Male.JPG,Happy,Happy,Total Slide1.RT,1613.00
8,SS ExpB,9,Sad 7 Male.JPG,Happy,Sad,Total Slide1.RT,1509.00
8,SS ExpB,10,Sad 8 Male.JPG,Sad,Sad,Total Slide1.RT,1270.00
8,SS ExpB,12,Happy 8 Female.JPG,Happy,Happy,Total Slide1.RT,1811.00
8,SS ExpB,14,Sad 6 Female.JPG,Sad,Sad,Total Slide1.RT,1935.00
8,SS ExpB,15,Happy 5 Male.JPG,Sad,Happy,Total Slide1.RT,2868.00
8,SS ExpB,16,Happy 6 Male.JPG,Happy,Happy,Total Slide1.RT,2125.00
8,SS ExpB,17,Sad 11 Male.JPG,Happy,Sad,Total Slide1.RT,1888.00
8,SS ExpB,18,Sad 12 Male.JPG,Sad,Sad,Total Slide1.RT,2409.00
8,SS ExpB,19,Happy 11 Female.JPG,Sad,Happy,Total Slide1.RT,1507.00
8,SS ExpB,20,Happy 12 Female.JPG,Happy,Happy,Total Slide1.RT,1728.00
8,SS ExpB,21,Sad 9 Female.JPG,Happy,Sad,Total Slide1.RT,1502.00
8,SS ExpB,22,Sad 10 Female.JPG,Sad,Sad,Total Slide1.RT,1268.00
8,SS ExpB,23,Happy 9 Male.JPG,Sad,Happy,Total Slide1.RT,1627.00
8,SS ExpB,24,Happy 10 Male.JPG,Happy,Happy,Total Slide1.RT,1326.00
8,SS ExpB,25,Sad 15 Male.JPG,Happy,Sad,Total Slide1.RT,1330.00
8,SS ExpB,26,Sad 16 Male.JPG,Sad,Sad,Total Slide1.RT,2363.00
8,SS ExpB,27,Happy 15 Female.JPG,Sad,Happy,Total Slide1.RT,1797.00
8,SS ExpB,28,Happy 16 Female.JPG,Happy,Happy,Total Slide1.RT,1427.00
8,SS ExpB,29,Sad 13 Female.JPG,Happy,Sad,Total Slide1.RT,1838.00
8,SS ExpB,30,Sad 14 Female.JPG,Sad,Sad,Total Slide1.RT,1547.00
8,SS ExpB,31,Happy 13 Male.JPG ,Sad,Happy,Total Slide1.RT,2319.00
8,SS ExpB,32,Happy 14 Male.JPG,Happy,Happy,Total Slide1.RT,1715.00
9,SS ExpA,1,Happy 1 Male.JPG,Happy,Happy,Total Slide1.RT,1099.00
9,SS ExpA,2,Happy 2 Male.JPG,Sad,Happy,Total Slide1.RT,1263.00
9,SS ExpA,3,Sad 1 Female.JPG,Sad,Sad,Total Slide1.RT,1348.00
9,SS ExpA,4,Sad 2 Female.JPG,Happy,Sad,Total Slide1.RT,1191.00
9,SS ExpA,5,Happy 3 Female.JPG,Happy,Happy,Total Slide1.RT,1016.00
9,SS ExpA,6,Happy 4 Female.JPG,Sad,Happy,Total Slide1.RT,1296.00
9,SS ExpA,7,Sad 3 Male.JPG,Sad,Sad,Total Slide1.RT,1023.00
9,SS ExpA,8,Sad 4 Male.JPG,Happy,Sad,Total Slide1.RT,1052.00
9,SS ExpA,9,Happy 5 Male.JPG,Happy,Happy,Total Slide1.RT,1031.00
9,SS ExpA,10,Happy 6 Male.JPG,Sad,Happy,Total Slide1.RT,1282.00
9,SS ExpA,11,Sad 5 Female.JPG,Sad,Sad,Total Slide1.RT,1102.00
9,SS ExpA,12,Sad 6 Female.JPG,Happy,Sad,Total Slide1.RT,1184.00
9,SS ExpA,14,Happy 8 Female.JPG,Sad,Happy,Total Slide1.RT,1353.00
9,SS ExpA,15,Sad 7 Male.JPG,Sad,Sad,Total Slide1.RT,1489.00
9,SS ExpA,16,Sad 8 Male.JPG,Happy,Sad,Total Slide1.RT,1192.00
9,SS ExpA,17,Happy 9 Male.JPG,Happy,Happy,Total Slide1.RT,1072.00
9,SS ExpA,18,Happy 10 Male.JPG,Sad,Happy,Total Slide1.RT,1521.00
9,SS ExpA,19,Sad 9 Female.JPG,Sad,Sad,Total Slide1.RT,949.00
9,SS ExpA,20,Sad 10 Female.JPG,Happy,Sad,Total Slide1.RT,1076.00
9,SS ExpA,21,Happy 11 Female.JPG,Happy,Happy,Total Slide1.RT,995.00
9,SS ExpA,22,Happy 12 Female.JPG,Sad,Happy,Total Slide1.RT,930.00
9,SS ExpA,23,Sad 11 Male.JPG,Sad,Sad,Total Slide1.RT,1030.00
9,SS ExpA,24,Sad 12 Male.JPG,Happy,Sad,Total Slide1.RT,907.00
9,SS ExpA,25,Happy 13 Male.JPG,Happy,Happy,Total Slide1.RT,975.00
9,SS ExpA,26,Happy 14 Male.JPG,Sad,Happy,Total Slide1.RT,1032.00
9,SS ExpA,27,Sad 13 Female.JPG,Sad,Sad,Total Slide1.RT,912.00
9,SS ExpA,28,Sad 14 Female.JPG,Happy,Sad,Total Slide1.RT,1002.00
9,SS ExpA,29,Happy 15 Female.JPG,Happy,Happy,Total Slide1.RT,1203.00
9,SS ExpA,30,Happy 16 Female.JPG,Sad,Happy,Total Slide1.RT,1009.00
9,SS ExpA,31,Sad 15 Male.JPG,Sad,Sad,Total Slide1.RT,1194.00
10,SS ExpA,1,Happy 1 Male.JPG,Happy,Happy,Total Slide1.RT,1129.00
10,SS ExpA,3,Sad 1 Female.JPG,Sad,Sad,Total Slide1.RT,1357.00
10,SS ExpA,4,Sad 2 Female.JPG,Happy,Sad,Total Slide1.RT,1237.00
10,SS ExpA,5,Happy 3 Female.JPG,Happy,Happy,Total Slide1.RT,1012.00
10,SS ExpA,6,Happy 4 Female.JPG,Sad,Happy,Total Slide1.RT,1398.00
10,SS ExpA,7,Sad 3 Male.JPG,Sad,Sad,Total Slide1.RT,995.00
10,SS ExpA,8,Sad 4 Male.JPG,Happy,Sad,Total Slide1.RT,2211.00
10,SS ExpA,9,Happy 5 Male.JPG,Happy,Happy,Total Slide1.RT,1423.00
10,SS ExpA,10,Happy 6 Male.JPG,Sad,Happy,Total Slide1.RT,1168.00
10,SS ExpA,11,Sad 5 Female.JPG,Sad,Sad,Total Slide1.RT,1091.00
10,SS ExpA,12,Sad 6 Female.JPG,Happy,Sad,Total Slide1.RT,1216.00
10,SS ExpA,13,Happy 7 Female.JPG,Happy,Happy,Total Slide1.RT,1216.00
10,SS ExpA,14,Happy 8 Female.JPG,Sad,Happy,Total Slide1.RT,1105.00
10,SS ExpA,15,Sad 7 Male.JPG,Sad,Sad,Total Slide1.RT,1505.00
10,SS ExpA,17,Happy 9 Male.JPG,Happy,Happy,Total Slide1.RT,1504.00
10,SS ExpA,18,Happy 10 Male.JPG,Sad,Happy,Total Slide1.RT,1363.00
10,SS ExpA,19,Sad 9 Female.JPG,Sad,Sad,Total Slide1.RT,1577.00
10,SS ExpA,20,Sad 10 Female.JPG,Happy,Sad,Total Slide1.RT,1980.00
10,SS ExpA,21,Happy 11 Female.JPG,Happy,Happy,Total Slide1.RT,1067.00
10,SS ExpA,22,Happy 12 Female.JPG,Sad,Happy,Total Slide1.RT,1254.00
10,SS ExpA,23,Sad 11 Male.JPG,Sad,Sad,Total Slide1.RT,1714.00
10,SS ExpA,24,Sad 12 Male.JPG,Happy,Sad,Total Slide1.RT,1210.00
10,SS ExpA,25,Happy 13 Male.JPG,Happy,Happy,Total Slide1.RT,1053.00
10,SS ExpA,27,Sad 13 Female.JPG,Sad,Sad,Total Slide1.RT,1484.00
10,SS ExpA,28,Sad 14 Female.JPG,Happy,Sad,Total Slide1.RT,1284.00
10,SS ExpA,29,Happy 15 Female.JPG,Happy,Happy,Total Slide1.RT,975.00
10,SS ExpA,30,Happy 16 Female.JPG,Sad,Happy,Total Slide1.RT,1108.00
10,SS ExpA,31,Sad 15 Male.JPG,Sad,Sad,Total Slide1.RT,1465.00
10,SS ExpA,32,Sad 16 Male.JPG,Happy,Sad,Total Slide1.RT,1362.00
11,SS ExpB,1,Sad 3 Male.JPG,Happy,Sad,Total Slide1.RT,1193.00
11,SS ExpB,2,Sad 4 Male.JPG,Sad,Sad,Total Slide1.RT,909.00
11,SS ExpB,3,Happy 3 Female.JPG,Sad,Happy,Total Slide1.RT,1432.00
11,SS ExpB,4,Happy 4 Female.JPG,Happy,Happy,Total Slide1.RT,747.00
11,SS ExpB,5,Sad 1 Female.JPG,Happy,Sad,Total Slide1.RT,973.00
11,SS ExpB,6,Sad 2 Female.JPG,Sad,Sad,Total Slide1.RT,814.00
11,SS ExpB,7,Happy 1 Male.JPG,Sad,Happy,Total Slide1.RT,1497.00
11,SS ExpB,8,Happy 2 Male.JPG,Happy,Happy,Total Slide1.RT,885.00
11,SS ExpB,9,Sad 7 Male.JPG,Happy,Sad,Total Slide1.RT,1076.00
11,SS ExpB,10,Sad 8 Male.JPG,Sad,Sad,Total Slide1.RT,649.00
11,SS ExpB,11,Happy 7 Female.JPG,Sad,Happy,Total Slide1.RT,1099.00
11,SS ExpB,12,Happy 8 Female.JPG,Happy,Happy,Total Slide1.RT,748.00
11,SS ExpB,13,Sad 5 Female.JPG,Happy,Sad,Total Slide1.RT,1788.00
11,SS ExpB,14,Sad 6 Female.JPG,Sad,Sad,Total Slide1.RT,1023.00
11,SS ExpB,15,Happy 5 Male.JPG,Sad,Happy,Total Slide1.RT,976.00
11,SS ExpB,16,Happy 6 Male.JPG,Happy,Happy,Total Slide1.RT,1428.00
11,SS ExpB,17,Sad 11 Male.JPG,Happy,Sad,Total Slide1.RT,1449.00
11,SS ExpB,18,Sad 12 Male.JPG,Sad,Sad,Total Slide1.RT,829.00
11,SS ExpB,19,Happy 11 Female.JPG,Sad,Happy,Total Slide1.RT,1301.00
11,SS ExpB,20,Happy 12 Female.JPG,Happy,Happy,Total Slide1.RT,1043.00
11,SS ExpB,21,Sad 9 Female.JPG,Happy,Sad,Total Slide1.RT,1188.00
11,SS ExpB,22,Sad 10 Female.JPG,Sad,Sad,Total Slide1.RT,1475.00
11,SS ExpB,23,Happy 9 Male.JPG,Sad,Happy,Total Slide1.RT,800.00
11,SS ExpB,24,Happy 10 Male.JPG,Happy,Happy,Total Slide1.RT,1187.00
11,SS ExpB,25,Sad 15 Male.JPG,Happy,Sad,Total Slide1.RT,2811.00
11,SS ExpB,26,Sad 16 Male.JPG,Sad,Sad,Total Slide1.RT,813.00
11,SS ExpB,27,Happy 15 Female.JPG,Sad,Happy,Total Slide1.RT,1009.00
11,SS ExpB,28,Happy 16 Female.JPG,Happy,Happy,Total Slide1.RT,1117.00
11,SS ExpB,29,Sad 13 Female.JPG,Happy,Sad,Total Slide1.RT,1224.00
11,SS ExpB,30,Sad 14 Female.JPG,Sad,Sad,Total Slide1.RT,707.00
11,SS ExpB,31,Happy 13 Male.JPG ,Sad,Happy,Total Slide1.RT,1234.00
11,SS ExpB,32,Happy 14 Male.JPG,Happy,Happy,Total Slide1.RT,1056.00
12,SS ExpB,1,Sad 3 Male.JPG,Happy,Sad,Total Slide1.RT,1043.00
12,SS ExpB,2,Sad 4 Male.JPG,Sad,Sad,Total Slide1.RT,1019.00
12,SS ExpB,3,Happy 3 Female.JPG,Sad,Happy,Total Slide1.RT,1346.00
12,SS ExpB,4,Happy 4 Female.JPG,Happy,Happy,Total Slide1.RT,1003.00
12,SS ExpB,5,Sad 1 Female.JPG,Happy,Sad,Total Slide1.RT,1368.00
12,SS ExpB,6,Sad 2 Female.JPG,Sad,Sad,Total Slide1.RT,787.00
12,SS ExpB,7,Happy 1 Male.JPG,Sad,Happy,Total Slide1.RT,1019.00
12,SS ExpB,8,Happy 2 Male.JPG,Happy,Happy,Total Slide1.RT,871.00
12,SS ExpB,9,Sad 7 Male.JPG,Happy,Sad,Total Slide1.RT,920.00
12,SS ExpB,10,Sad 8 Male.JPG,Sad,Sad,Total Slide1.RT,871.00
12,SS ExpB,12,Happy 8 Female.JPG,Happy,Happy,Total Slide1.RT,1137.00
12,SS ExpB,13,Sad 5 Female.JPG,Happy,Sad,Total Slide1.RT,1129.00
12,SS ExpB,14,Sad 6 Female.JPG,Sad,Sad,Total Slide1.RT,866.00
12,SS ExpB,15,Happy 5 Male.JPG,Sad,Happy,Total Slide1.RT,1427.00
12,SS ExpB,16,Happy 6 Male.JPG,Happy,Happy,Total Slide1.RT,1124.00
12,SS ExpB,18,Sad 12 Male.JPG,Sad,Sad,Total Slide1.RT,1338.00
12,SS ExpB,19,Happy 11 Female.JPG,Sad,Happy,Total Slide1.RT,1135.00
12,SS ExpB,20,Happy 12 Female.JPG,Happy,Happy,Total Slide1.RT,1070.00
12,SS ExpB,21,Sad 9 Female.JPG,Happy,Sad,Total Slide1.RT,1278.00
12,SS ExpB,22,Sad 10 Female.JPG,Sad,Sad,Total Slide1.RT,621.00
12,SS ExpB,23,Happy 9 Male.JPG,Sad,Happy,Total Slide1.RT,952.00
12,SS ExpB,24,Happy 10 Male.JPG,Happy,Happy,Total Slide1.RT,1366.00
12,SS ExpB,25,Sad 15 Male.JPG,Happy,Sad,Total Slide1.RT,1404.00
12,SS ExpB,27,Happy 15 Female.JPG,Sad,Happy,Total Slide1.RT,846.00
12,SS ExpB,28,Happy 16 Female.JPG,Happy,Happy,Total Slide1.RT,869.00
12,SS ExpB,29,Sad 13 Female.JPG,Happy,Sad,Total Slide1.RT,1216.00
12,SS ExpB,30,Sad 14 Female.JPG,Sad,Sad,Total Slide1.RT,861.00
12,SS ExpB,31,Happy 13 Male.JPG ,Sad,Happy,Total Slide1.RT,1115.00
12,SS ExpB,32,Happy 14 Male.JPG,Happy,Happy,Total Slide1.RT,1000.00
13,SS ExpA,1,Happy 1 Male.JPG,Happy,Happy,Total Slide1.RT,1217.00
13,SS ExpA,2,Happy 2 Male.JPG,Sad,Happy,Total Slide1.RT,1963.00
13,SS ExpA,3,Sad 1 Female.JPG,Sad,Sad,Total Slide1.RT,1614.00
13,SS ExpA,4,Sad 2 Female.JPG,Happy,Sad,Total Slide1.RT,2396.00
13,SS ExpA,5,Happy 3 Female.JPG,Happy,Happy,Total Slide1.RT,1988.00
13,SS ExpA,6,Happy 4 Female.JPG,Sad,Happy,Total Slide1.RT,1448.00
13,SS ExpA,7,Sad 3 Male.JPG,Sad,Sad,Total Slide1.RT,1885.00
13,SS ExpA,8,Sad 4 Male.JPG,Happy,Sad,Total Slide1.RT,1535.00
13,SS ExpA,9,Happy 5 Male.JPG,Happy,Happy,Total Slide1.RT,1339.00
13,SS ExpA,10,Happy 6 Male.JPG,Sad,Happy,Total Slide1.RT,9131.00
13,SS ExpA,11,Sad 5 Female.JPG,Sad,Sad,Total Slide1.RT,1698.00
13,SS ExpA,12,Sad 6 Female.JPG,Happy,Sad,Total Slide1.RT,3260.00
13,SS ExpA,13,Happy 7 Female.JPG,Happy,Happy,Total Slide1.RT,2268.00
13,SS ExpA,14,Happy 8 Female.JPG,Sad,Happy,Total Slide1.RT,1505.00
13,SS ExpA,15,Sad 7 Male.JPG,Sad,Sad,Total Slide1.RT,3357.00
13,SS ExpA,16,Sad 8 Male.JPG,Happy,Sad,Total Slide1.RT,1724.00
13,SS ExpA,17,Happy 9 Male.JPG,Happy,Happy,Total Slide1.RT,2079.00
13,SS ExpA,18,Happy 10 Male.JPG,Sad,Happy,Total Slide1.RT,3249.00
13,SS ExpA,19,Sad 9 Female.JPG,Sad,Sad,Total Slide1.RT,1938.00
13,SS ExpA,20,Sad 10 Female.JPG,Happy,Sad,Total Slide1.RT,5716.00
13,SS ExpA,21,Happy 11 Female.JPG,Happy,Happy,Total Slide1.RT,1521.00
13,SS ExpA,22,Happy 12 Female.JPG,Sad,Happy,Total Slide1.RT,1840.00
13,SS ExpA,23,Sad 11 Male.JPG,Sad,Sad,Total Slide1.RT,1575.00
13,SS ExpA,24,Sad 12 Male.JPG,Happy,Sad,Total Slide1.RT,5198.00
13,SS ExpA,25,Happy 13 Male.JPG,Happy,Happy,Total Slide1.RT,1326.00
13,SS ExpA,26,Happy 14 Male.JPG,Sad,Happy,Total Slide1.RT,1757.00
13,SS ExpA,27,Sad 13 Female.JPG,Sad,Sad,Total Slide1.RT,2669.00
13,SS ExpA,28,Sad 14 Female.JPG,Happy,Sad,Total Slide1.RT,1448.00
13,SS ExpA,29,Happy 15 Female.JPG,Happy,Happy,Total Slide1.RT,2792.00
13,SS ExpA,30,Happy 16 Female.JPG,Sad,Happy,Total Slide1.RT,4113.00
13,SS ExpA,31,Sad 15 Male.JPG,Sad,Sad,Total Slide1.RT,1646.00
13,SS ExpA,32,Sad 16 Male.JPG,Happy,Sad,Total Slide1.RT,2757.00
14,SS ExpB,1,Sad 3 Male.JPG,Happy,Sad,Total Slide1.RT,2595.00
14,SS ExpB,2,Sad 4 Male.JPG,Sad,Sad,Total Slide1.RT,1970.00
14,SS ExpB,4,Happy 4 Female.JPG,Happy,Happy,Total Slide1.RT,1938.00
14,SS ExpB,5,Sad 1 Female.JPG,Happy,Sad,Total Slide1.RT,2230.00
14,SS ExpB,6,Sad 2 Female.JPG,Sad,Sad,Total Slide1.RT,1545.00
14,SS ExpB,7,Happy 1 Male.JPG,Sad,Happy,Total Slide1.RT,2335.00
14,SS ExpB,8,Happy 2 Male.JPG,Happy,Happy,Total Slide1.RT,2208.00
14,SS ExpB,9,Sad 7 Male.JPG,Happy,Sad,Total Slide1.RT,1773.00
14,SS ExpB,10,Sad 8 Male.JPG,Sad,Sad,Total Slide1.RT,2045.00
14,SS ExpB,11,Happy 7 Female.JPG,Sad,Happy,Total Slide1.RT,1666.00
14,SS ExpB,12,Happy 8 Female.JPG,Happy,Happy,Total Slide1.RT,1046.00
14,SS ExpB,13,Sad 5 Female.JPG,Happy,Sad,Total Slide1.RT,2652.00
14,SS ExpB,14,Sad 6 Female.JPG,Sad,Sad,Total Slide1.RT,1136.00
14,SS ExpB,15,Happy 5 Male.JPG,Sad,Happy,Total Slide1.RT,1441.00
14,SS ExpB,16,Happy 6 Male.JPG,Happy,Happy,Total Slide1.RT,1616.00
14,SS ExpB,17,Sad 11 Male.JPG,Happy,Sad,Total Slide1.RT,1321.00
14,SS ExpB,18,Sad 12 Male.JPG,Sad,Sad,Total Slide1.RT,1746.00
14,SS ExpB,19,Happy 11 Female.JPG,Sad,Happy,Total Slide1.RT,2057.00
14,SS ExpB,20,Happy 12 Female.JPG,Happy,Happy,Total Slide1.RT,1767.00
14,SS ExpB,21,Sad 9 Female.JPG,Happy,Sad,Total Slide1.RT,2393.00
14,SS ExpB,22,Sad 10 Female.JPG,Sad,Sad,Total Slide1.RT,2327.00
14,SS ExpB,23,Happy 9 Male.JPG,Sad,Happy,Total Slide1.RT,2159.00
14,SS ExpB,24,Happy 10 Male.JPG,Happy,Happy,Total Slide1.RT,1748.00
14,SS ExpB,25,Sad 15 Male.JPG,Happy,Sad,Total Slide1.RT,2661.00
14,SS ExpB,26,Sad 16 Male.JPG,Sad,Sad,Total Slide1.RT,1828.00
14,SS ExpB,27,Happy 15 Female.JPG,Sad,Happy,Total Slide1.RT,1346.00
14,SS ExpB,28,Happy 16 Female.JPG,Happy,Happy,Total Slide1.RT,1374.00
14,SS ExpB,29,Sad 13 Female.JPG,Happy,Sad,Total Slide1.RT,1846.00
14,SS ExpB,30,Sad 14 Female.JPG,Sad,Sad,Total Slide1.RT,1873.00
14,SS ExpB,31,Happy 13 Male.JPG ,Sad,Happy,Total Slide1.RT,2281.00
14,SS ExpB,32,Happy 14 Male.JPG,Happy,Happy,Total Slide1.RT,1759.00
15,SS ExpB,1,Sad 3 Male.JPG,Happy,Sad,Total Slide1.RT,1112.00
15,SS ExpB,2,Sad 4 Male.JPG,Sad,Sad,Total Slide1.RT,873.00
15,SS ExpB,3,Happy 3 Female.JPG,Sad,Happy,Total Slide1.RT,968.00
15,SS ExpB,4,Happy 4 Female.JPG,Happy,Happy,Total Slide1.RT,793.00
15,SS ExpB,5,Sad 1 Female.JPG,Happy,Sad,Total Slide1.RT,760.00
15,SS ExpB,6,Sad 2 Female.JPG,Sad,Sad,Total Slide1.RT,1007.00
15,SS ExpB,7,Happy 1 Male.JPG,Sad,Happy,Total Slide1.RT,1390.00
15,SS ExpB,8,Happy 2 Male.JPG,Happy,Happy,Total Slide1.RT,706.00
15,SS ExpB,9,Sad 7 Male.JPG,Happy,Sad,Total Slide1.RT,1358.00
15,SS ExpB,10,Sad 8 Male.JPG,Sad,Sad,Total Slide1.RT,931.00
15,SS ExpB,11,Happy 7 Female.JPG,Sad,Happy,Total Slide1.RT,1041.00
15,SS ExpB,12,Happy 8 Female.JPG,Happy,Happy,Total Slide1.RT,760.00
15,SS ExpB,13,Sad 5 Female.JPG,Happy,Sad,Total Slide1.RT,824.00
15,SS ExpB,14,Sad 6 Female.JPG,Sad,Sad,Total Slide1.RT,688.00
15,SS ExpB,15,Happy 5 Male.JPG,Sad,Happy,Total Slide1.RT,690.00
15,SS ExpB,16,Happy 6 Male.JPG,Happy,Happy,Total Slide1.RT,882.00
15,SS ExpB,17,Sad 11 Male.JPG,Happy,Sad,Total Slide1.RT,1298.00
15,SS ExpB,18,Sad 12 Male.JPG,Sad,Sad,Total Slide1.RT,1005.00
15,SS ExpB,19,Happy 11 Female.JPG,Sad,Happy,Total Slide1.RT,600.00
15,SS ExpB,20,Happy 12 Female.JPG,Happy,Happy,Total Slide1.RT,876.00
15,SS ExpB,21,Sad 9 Female.JPG,Happy,Sad,Total Slide1.RT,1003.00
15,SS ExpB,22,Sad 10 Female.JPG,Sad,Sad,Total Slide1.RT,759.00
15,SS ExpB,24,Happy 10 Male.JPG,Happy,Happy,Total Slide1.RT,739.00
15,SS ExpB,25,Sad 15 Male.JPG,Happy,Sad,Total Slide1.RT,988.00
15,SS ExpB,26,Sad 16 Male.JPG,Sad,Sad,Total Slide1.RT,773.00
15,SS ExpB,27,Happy 15 Female.JPG,Sad,Happy,Total Slide1.RT,849.00
15,SS ExpB,28,Happy 16 Female.JPG,Happy,Happy,Total Slide1.RT,575.00
15,SS ExpB,29,Sad 13 Female.JPG,Happy,Sad,Total Slide1.RT,712.00
15,SS ExpB,30,Sad 14 Female.JPG,Sad,Sad,Total Slide1.RT,926.00
15,SS ExpB,31,Happy 13 Male.JPG ,Sad,Happy,Total Slide1.RT,1328.00
16,SS ExpA,1,Happy 1 Male.JPG,Happy,Happy,Total Slide1.RT,1057.00
16,SS ExpA,2,Happy 2 Male.JPG,Sad,Happy,Total Slide1.RT,1237.00
16,SS ExpA,3,Sad 1 Female.JPG,Sad,Sad,Total Slide1.RT,1470.00
16,SS ExpA,4,Sad 2 Female.JPG,Happy,Sad,Total Slide1.RT,1363.00
16,SS ExpA,5,Happy 3 Female.JPG,Happy,Happy,Total Slide1.RT,1759.00
16,SS ExpA,6,Happy 4 Female.JPG,Sad,Happy,Total Slide1.RT,1162.00
16,SS ExpA,7,Sad 3 Male.JPG,Sad,Sad,Total Slide1.RT,1154.00
16,SS ExpA,8,Sad 4 Male.JPG,Happy,Sad,Total Slide1.RT,2643.00
16,SS ExpA,9,Happy 5 Male.JPG,Happy,Happy,Total Slide1.RT,1425.00
16,SS ExpA,10,Happy 6 Male.JPG,Sad,Happy,Total Slide1.RT,1608.00
16,SS ExpA,11,Sad 5 Female.JPG,Sad,Sad,Total Slide1.RT,1623.00
16,SS ExpA,12,Sad 6 Female.JPG,Happy,Sad,Total Slide1.RT,1553.00
16,SS ExpA,13,Happy 7 Female.JPG,Happy,Happy,Total Slide1.RT,1128.00
16,SS ExpA,14,Happy 8 Female.JPG,Sad,Happy,Total Slide1.RT,1602.00
16,SS ExpA,15,Sad 7 Male.JPG,Sad,Sad,Total Slide1.RT,1437.00
16,SS ExpA,16,Sad 8 Male.JPG,Happy,Sad,Total Slide1.RT,1872.00
16,SS ExpA,17,Happy 9 Male.JPG,Happy,Happy,Total Slide1.RT,1114.00
16,SS ExpA,18,Happy 10 Male.JPG,Sad,Happy,Total Slide1.RT,1478.00
16,SS ExpA,19,Sad 9 Female.JPG,Sad,Sad,Total Slide1.RT,1347.00
16,SS ExpA,20,Sad 10 Female.JPG,Happy,Sad,Total Slide1.RT,1908.00
16,SS ExpA,21,Happy 11 Female.JPG,Happy,Happy,Total Slide1.RT,1513.00
16,SS ExpA,22,Happy 12 Female.JPG,Sad,Happy,Total Slide1.RT,1295.00
16,SS ExpA,23,Sad 11 Male.JPG,Sad,Sad,Total Slide1.RT,1544.00
16,SS ExpA,24,Sad 12 Male.JPG,Happy,Sad,Total Slide1.RT,1172.00
16,SS ExpA,25,Happy 13 Male.JPG,Happy,Happy,Total Slide1.RT,1602.00
16,SS ExpA,26,Happy 14 Male.JPG,Sad,Happy,Total Slide1.RT,806.00
16,SS ExpA,27,Sad 13 Female.JPG,Sad,Sad,Total Slide1.RT,3116.00
16,SS ExpA,28,Sad 14 Female.JPG,Happy,Sad,Total Slide1.RT,1189.00
16,SS ExpA,30,Happy 16 Female.JPG,Sad,Happy,Total Slide1.RT,1375.00
16,SS ExpA,31,Sad 15 Male.JPG,Sad,Sad,Total Slide1.RT,2002.00
16,SS ExpA,32,Sad 16 Male.JPG,Happy,Sad,Total Slide1.RT,1207.00
17,SS ExpA,1,Happy 1 Male.JPG,Happy,Happy,Total Slide1.RT,763.00
17,SS ExpA,2,Happy 2 Male.JPG,Sad,Happy,Total Slide1.RT,1547.00
17,SS ExpA,3,Sad 1 Female.JPG,Sad,Sad,Total Slide1.RT,1505.00
17,SS ExpA,4,Sad 2 Female.JPG,Happy,Sad,Total Slide1.RT,1218.00
17,SS ExpA,5,Happy 3 Female.JPG,Happy,Happy,Total Slide1.RT,1227.00
17,SS ExpA,6,Happy 4 Female.JPG,Sad,Happy,Total Slide1.RT,3339.00
17,SS ExpA,7,Sad 3 Male.JPG,Sad,Sad,Total Slide1.RT,1158.00
17,SS ExpA,8,Sad 4 Male.JPG,Happy,Sad,Total Slide1.RT,1527.00
17,SS ExpA,9,Happy 5 Male.JPG,Happy,Happy,Total Slide1.RT,1304.00
17,SS ExpA,10,Happy 6 Male.JPG,Sad,Happy,Total Slide1.RT,1494.00
17,SS ExpA,11,Sad 5 Female.JPG,Sad,Sad,Total Slide1.RT,1465.00
17,SS ExpA,12,Sad 6 Female.JPG,Happy,Sad,Total Slide1.RT,1496.00
17,SS ExpA,13,Happy 7 Female.JPG,Happy,Happy,Total Slide1.RT,1189.00
17,SS ExpA,14,Happy 8 Female.JPG,Sad,Happy,Total Slide1.RT,1485.00
17,SS ExpA,15,Sad 7 Male.JPG,Sad,Sad,Total Slide1.RT,1313.00
17,SS ExpA,16,Sad 8 Male.JPG,Happy,Sad,Total Slide1.RT,1289.00
17,SS ExpA,17,Happy 9 Male.JPG,Happy,Happy,Total Slide1.RT,1213.00
17,SS ExpA,18,Happy 10 Male.JPG,Sad,Happy,Total Slide1.RT,1636.00
17,SS ExpA,19,Sad 9 Female.JPG,Sad,Sad,Total Slide1.RT,1252.00
17,SS ExpA,20,Sad 10 Female.JPG,Happy,Sad,Total Slide1.RT,1472.00
17,SS ExpA,21,Happy 11 Female.JPG,Happy,Happy,Total Slide1.RT,1471.00
17,SS ExpA,22,Happy 12 Female.JPG,Sad,Happy,Total Slide1.RT,1457.00
17,SS ExpA,23,Sad 11 Male.JPG,Sad,Sad,Total Slide1.RT,1419.00
17,SS ExpA,24,Sad 12 Male.JPG,Happy,Sad,Total Slide1.RT,1250.00
17,SS ExpA,25,Happy 13 Male.JPG,Happy,Happy,Total Slide1.RT,1163.00
17,SS ExpA,26,Happy 14 Male.JPG,Sad,Happy,Total Slide1.RT,1436.00
17,SS ExpA,27,Sad 13 Female.JPG,Sad,Sad,Total Slide1.RT,1184.00
17,SS ExpA,28,Sad 14 Female.JPG,Happy,Sad,Total Slide1.RT,1278.00
17,SS ExpA,29,Happy 15 Female.JPG,Happy,Happy,Total Slide1.RT,804.00
17,SS ExpA,30,Happy 16 Female.JPG,Sad,Happy,Total Slide1.RT,3144.00
17,SS ExpA,31,Sad 15 Male.JPG,Sad,Sad,Total Slide1.RT,1370.00
17,SS ExpA,32,Sad 16 Male.JPG,Happy,Sad,Total Slide1.RT,1569.00
18,SS ExpA,1,Happy 1 Male.JPG,Happy,Happy,Total Slide1.RT,1057.00
18,SS ExpA,2,Happy 2 Male.JPG,Sad,Happy,Total Slide1.RT,1068.00
18,SS ExpA,3,Sad 1 Female.JPG,Sad,Sad,Total Slide1.RT,1489.00
18,SS ExpA,4,Sad 2 Female.JPG,Happy,Sad,Total Slide1.RT,1288.00
18,SS ExpA,5,Happy 3 Female.JPG,Happy,Happy,Total Slide1.RT,966.00
18,SS ExpA,6,Happy 4 Female.JPG,Sad,Happy,Total Slide1.RT,1262.00
18,SS ExpA,8,Sad 4 Male.JPG,Happy,Sad,Total Slide1.RT,1338.00
18,SS ExpA,9,Happy 5 Male.JPG,Happy,Happy,Total Slide1.RT,1163.00
18,SS ExpA,10,Happy 6 Male.JPG,Sad,Happy,Total Slide1.RT,1303.00
18,SS ExpA,12,Sad 6 Female.JPG,Happy,Sad,Total Slide1.RT,1380.00
18,SS ExpA,13,Happy 7 Female.JPG,Happy,Happy,Total Slide1.RT,765.00
18,SS ExpA,14,Happy 8 Female.JPG,Sad,Happy,Total Slide1.RT,1045.00
18,SS ExpA,15,Sad 7 Male.JPG,Sad,Sad,Total Slide1.RT,853.00
18,SS ExpA,16,Sad 8 Male.JPG,Happy,Sad,Total Slide1.RT,1530.00
18,SS ExpA,17,Happy 9 Male.JPG,Happy,Happy,Total Slide1.RT,1141.00
18,SS ExpA,18,Happy 10 Male.JPG,Sad,Happy,Total Slide1.RT,948.00
18,SS ExpA,19,Sad 9 Female.JPG,Sad,Sad,Total Slide1.RT,1148.00
18,SS ExpA,20,Sad 10 Female.JPG,Happy,Sad,Total Slide1.RT,1225.00
18,SS ExpA,22,Happy 12 Female.JPG,Sad,Happy,Total Slide1.RT,956.00
18,SS ExpA,23,Sad 11 Male.JPG,Sad,Sad,Total Slide1.RT,1085.00
18,SS ExpA,24,Sad 12 Male.JPG,Happy,Sad,Total Slide1.RT,1957.00
18,SS ExpA,26,Happy 14 Male.JPG,Sad,Happy,Total Slide1.RT,1060.00
18,SS ExpA,27,Sad 13 Female.JPG,Sad,Sad,Total Slide1.RT,1651.00
18,SS ExpA,28,Sad 14 Female.JPG,Happy,Sad,Total Slide1.RT,975.00
18,SS ExpA,29,Happy 15 Female.JPG,Happy,Happy,Total Slide1.RT,1211.00
18,SS ExpA,30,Happy 16 Female.JPG,Sad,Happy,Total Slide1.RT,1324.00
18,SS ExpA,31,Sad 15 Male.JPG,Sad,Sad,Total Slide1.RT,1313.00
18,SS ExpA,32,Sad 16 Male.JPG,Happy,Sad,Total Slide1.RT,1438.00
19,SS ExpA,1,Happy 1 Male.JPG,Happy,Happy,Total Slide1.RT,989.00
19,SS ExpA,3,Sad 1 Female.JPG,Sad,Sad,Total Slide1.RT,1398.00
19,SS ExpA,4,Sad 2 Female.JPG,Happy,Sad,Total Slide1.RT,920.00
19,SS ExpA,5,Happy 3 Female.JPG,Happy,Happy,Total Slide1.RT,870.00
19,SS ExpA,6,Happy 4 Female.JPG,Sad,Happy,Total Slide1.RT,1100.00
19,SS ExpA,7,Sad 3 Male.JPG,Sad,Sad,Total Slide1.RT,698.00
19,SS ExpA,8,Sad 4 Male.JPG,Happy,Sad,Total Slide1.RT,1923.00
19,SS ExpA,9,Happy 5 Male.JPG,Happy,Happy,Total Slide1.RT,838.00
19,SS ExpA,11,Sad 5 Female.JPG,Sad,Sad,Total Slide1.RT,915.00
19,SS ExpA,12,Sad 6 Female.JPG,Happy,Sad,Total Slide1.RT,1514.00
19,SS ExpA,13,Happy 7 Female.JPG,Happy,Happy,Total Slide1.RT,957.00
19,SS ExpA,14,Happy 8 Female.JPG,Sad,Happy,Total Slide1.RT,1329.00
19,SS ExpA,15,Sad 7 Male.JPG,Sad,Sad,Total Slide1.RT,991.00
19,SS ExpA,16,Sad 8 Male.JPG,Happy,Sad,Total Slide1.RT,2085.00
19,SS ExpA,17,Happy 9 Male.JPG,Happy,Happy,Total Slide1.RT,922.00
19,SS ExpA,18,Happy 10 Male.JPG,Sad,Happy,Total Slide1.RT,1120.00
19,SS ExpA,19,Sad 9 Female.JPG,Sad,Sad,Total Slide1.RT,1021.00
19,SS ExpA,20,Sad 10 Female.JPG,Happy,Sad,Total Slide1.RT,1176.00
19,SS ExpA,21,Happy 11 Female.JPG,Happy,Happy,Total Slide1.RT,816.00
19,SS ExpA,22,Happy 12 Female.JPG,Sad,Happy,Total Slide1.RT,4201.00
19,SS ExpA,23,Sad 11 Male.JPG,Sad,Sad,Total Slide1.RT,920.00
19,SS ExpA,24,Sad 12 Male.JPG,Happy,Sad,Total Slide1.RT,1097.00
19,SS ExpA,25,Happy 13 Male.JPG,Happy,Happy,Total Slide1.RT,928.00
19,SS ExpA,26,Happy 14 Male.JPG,Sad,Happy,Total Slide1.RT,1686.00
19,SS ExpA,27,Sad 13 Female.JPG,Sad,Sad,Total Slide1.RT,875.00
19,SS ExpA,28,Sad 14 Female.JPG,Happy,Sad,Total Slide1.RT,1073.00
19,SS ExpA,29,Happy 15 Female.JPG,Happy,Happy,Total Slide1.RT,1031.00
19,SS ExpA,31,Sad 15 Male.JPG,Sad,Sad,Total Slide1.RT,1701.00
19,SS ExpA,32,Sad 16 Male.JPG,Happy,Sad,Total Slide1.RT,1187.00
20,SS ExpA,1,Happy 1 Male.JPG,Happy,Happy,Total Slide1.RT,1141.00
20,SS ExpA,2,Happy 2 Male.JPG,Sad,Happy,Total Slide1.RT,1461.00
20,SS ExpA,3,Sad 1 Female.JPG,Sad,Sad,Total Slide1.RT,951.00
20,SS ExpA,4,Sad 2 Female.JPG,Happy,Sad,Total Slide1.RT,1362.00
20,SS ExpA,5,Happy 3 Female.JPG,Happy,Happy,Total Slide1.RT,973.00
20,SS ExpA,6,Happy 4 Female.JPG,Sad,Happy,Total Slide1.RT,1227.00
20,SS ExpA,8,Sad 4 Male.JPG,Happy,Sad,Total Slide1.RT,1425.00
20,SS ExpA,9,Happy 5 Male.JPG,Happy,Happy,Total Slide1.RT,1134.00
20,SS ExpA,10,Happy 6 Male.JPG,Sad,Happy,Total Slide1.RT,3976.00
20,SS ExpA,11,Sad 5 Female.JPG,Sad,Sad,Total Slide1.RT,1670.00
20,SS ExpA,12,Sad 6 Female.JPG,Happy,Sad,Total Slide1.RT,1742.00
20,SS ExpA,13,Happy 7 Female.JPG,Happy,Happy,Total Slide1.RT,900.00
20,SS ExpA,14,Happy 8 Female.JPG,Sad,Happy,Total Slide1.RT,903.00
20,SS ExpA,15,Sad 7 Male.JPG,Sad,Sad,Total Slide1.RT,2055.00
20,SS ExpA,18,Happy 10 Male.JPG,Sad,Happy,Total Slide1.RT,2049.00
20,SS ExpA,19,Sad 9 Female.JPG,Sad,Sad,Total Slide1.RT,2381.00
20,SS ExpA,21,Happy 11 Female.JPG,Happy,Happy,Total Slide1.RT,1356.00
20,SS ExpA,23,Sad 11 Male.JPG,Sad,Sad,Total Slide1.RT,1497.00
20,SS ExpA,25,Happy 13 Male.JPG,Happy,Happy,Total Slide1.RT,1195.00
20,SS ExpA,26,Happy 14 Male.JPG,Sad,Happy,Total Slide1.RT,2191.00
20,SS ExpA,27,Sad 13 Female.JPG,Sad,Sad,Total Slide1.RT,1088.00
20,SS ExpA,28,Sad 14 Female.JPG,Happy,Sad,Total Slide1.RT,2410.00
20,SS ExpA,29,Happy 15 Female.JPG,Happy,Happy,Total Slide1.RT,950.00
20,SS ExpA,30,Happy 16 Female.JPG,Sad,Happy,Total Slide1.RT,1454.00
20,SS ExpA,31,Sad 15 Male.JPG,Sad,Sad,Total Slide1.RT,1449.00
20,SS ExpA,32,Sad 16 Male.JPG,Happy,Sad,Total Slide1.RT,2137.00
21,SS ExpA,1,Happy 1 Male.JPG,Happy,Happy,Total Slide1.RT,901.00
21,SS ExpA,2,Happy 2 Male.JPG,Sad,Happy,Total Slide1.RT,838.00
21,SS ExpA,3,Sad 1 Female.JPG,Sad,Sad,Total Slide1.RT,1155.00
21,SS ExpA,4,Sad 2 Female.JPG,Happy,Sad,Total Slide1.RT,828.00
21,SS ExpA,5,Happy 3 Female.JPG,Happy,Happy,Total Slide1.RT,757.00
21,SS ExpA,6,Happy 4 Female.JPG,Sad,Happy,Total Slide1.RT,782.00
21,SS ExpA,7,Sad 3 Male.JPG,Sad,Sad,Total Slide1.RT,852.00
21,SS ExpA,8,Sad 4 Male.JPG,Happy,Sad,Total Slide1.RT,734.00
21,SS ExpA,9,Happy 5 Male.JPG,Happy,Happy,Total Slide1.RT,916.00
21,SS ExpA,10,Happy 6 Male.JPG,Sad,Happy,Total Slide1.RT,792.00
21,SS ExpA,11,Sad 5 Female.JPG,Sad,Sad,Total Slide1.RT,878.00
21,SS ExpA,12,Sad 6 Female.JPG,Happy,Sad,Total Slide1.RT,1127.00
21,SS ExpA,13,Happy 7 Female.JPG,Happy,Happy,Total Slide1.RT,1044.00
21,SS ExpA,14,Happy 8 Female.JPG,Sad,Happy,Total Slide1.RT,699.00
21,SS ExpA,15,Sad 7 Male.JPG,Sad,Sad,Total Slide1.RT,1164.00
21,SS ExpA,16,Sad 8 Male.JPG,Happy,Sad,Total Slide1.RT,759.00
21,SS ExpA,17,Happy 9 Male.JPG,Happy,Happy,Total Slide1.RT,744.00
21,SS ExpA,18,Happy 10 Male.JPG,Sad,Happy,Total Slide1.RT,781.00
21,SS ExpA,19,Sad 9 Female.JPG,Sad,Sad,Total Slide1.RT,801.00
21,SS ExpA,20,Sad 10 Female.JPG,Happy,Sad,Total Slide1.RT,1105.00
21,SS ExpA,21,Happy 11 Female.JPG,Happy,Happy,Total Slide1.RT,1152.00
21,SS ExpA,22,Happy 12 Female.JPG,Sad,Happy,Total Slide1.RT,1084.00
21,SS ExpA,23,Sad 11 Male.JPG,Sad,Sad,Total Slide1.RT,1103.00
21,SS ExpA,24,Sad 12 Male.JPG,Happy,Sad,Total Slide1.RT,808.00
21,SS ExpA,25,Happy 13 Male.JPG,Happy,Happy,Total Slide1.RT,1041.00
21,SS ExpA,26,Happy 14 Male.JPG,Sad,Happy,Total Slide1.RT,740.00
21,SS ExpA,27,Sad 13 Female.JPG,Sad,Sad,Total Slide1.RT,977.00
21,SS ExpA,28,Sad 14 Female.JPG,Happy,Sad,Total Slide1.RT,1002.00
21,SS ExpA,29,Happy 15 Female.JPG,Happy,Happy,Total Slide1.RT,736.00
21,SS ExpA,30,Happy 16 Female.JPG,Sad,Happy,Total Slide1.RT,908.00
21,SS ExpA,31,Sad 15 Male.JPG,Sad,Sad,Total Slide1.RT,1225.00
21,SS ExpA,32,Sad 16 Male.JPG,Happy,Sad,Total Slide1.RT,832.00
22,SS ExpB,1,Sad 3 Male.JPG,Happy,Sad,Total Slide1.RT,1284.00
22,SS ExpB,2,Sad 4 Male.JPG,Sad,Sad,Total Slide1.RT,1392.00
22,SS ExpB,3,Happy 3 Female.JPG,Sad,Happy,Total Slide1.RT,1201.00
22,SS ExpB,5,Sad 1 Female.JPG,Happy,Sad,Total Slide1.RT,1385.00
22,SS ExpB,6,Sad 2 Female.JPG,Sad,Sad,Total Slide1.RT,997.00
22,SS ExpB,7,Happy 1 Male.JPG,Sad,Happy,Total Slide1.RT,1514.00
22,SS ExpB,8,Happy 2 Male.JPG,Happy,Happy,Total Slide1.RT,1163.00
22,SS ExpB,9,Sad 7 Male.JPG,Happy,Sad,Total Slide1.RT,1623.00
22,SS ExpB,10,Sad 8 Male.JPG,Sad,Sad,Total Slide1.RT,1424.00
22,SS ExpB,11,Happy 7 Female.JPG,Sad,Happy,Total Slide1.RT,1841.00
22,SS ExpB,12,Happy 8 Female.JPG,Happy,Happy,Total Slide1.RT,1307.00
22,SS ExpB,13,Sad 5 Female.JPG,Happy,Sad,Total Slide1.RT,1330.00
22,SS ExpB,14,Sad 6 Female.JPG,Sad,Sad,Total Slide1.RT,1845.00
22,SS ExpB,15,Happy 5 Male.JPG,Sad,Happy,Total Slide1.RT,2513.00
22,SS ExpB,16,Happy 6 Male.JPG,Happy,Happy,Total Slide1.RT,1541.00
22,SS ExpB,18,Sad 12 Male.JPG,Sad,Sad,Total Slide1.RT,1196.00
22,SS ExpB,19,Happy 11 Female.JPG,Sad,Happy,Total Slide1.RT,1182.00
22,SS ExpB,20,Happy 12 Female.JPG,Happy,Happy,Total Slide1.RT,1050.00
22,SS ExpB,21,Sad 9 Female.JPG,Happy,Sad,Total Slide1.RT,1500.00
22,SS ExpB,22,Sad 10 Female.JPG,Sad,Sad,Total Slide1.RT,1161.00
22,SS ExpB,25,Sad 15 Male.JPG,Happy,Sad,Total Slide1.RT,2419.00
22,SS ExpB,26,Sad 16 Male.JPG,Sad,Sad,Total Slide1.RT,1052.00
22,SS ExpB,27,Happy 15 Female.JPG,Sad,Happy,Total Slide1.RT,1321.00
22,SS ExpB,28,Happy 16 Female.JPG,Happy,Happy,Total Slide1.RT,1468.00
22,SS ExpB,29,Sad 13 Female.JPG,Happy,Sad,Total Slide1.RT,2083.00
22,SS ExpB,30,Sad 14 Female.JPG,Sad,Sad,Total Slide1.RT,1376.00
22,SS ExpB,31,Happy 13 Male.JPG ,Sad,Happy,Total Slide1.RT,1061.00
22,SS ExpB,32,Happy 14 Male.JPG,Happy,Happy,Total Slide1.RT,1249.00
26,SS ExpB,1,Sad 3 Male.JPG,Happy,Sad,Total Slide1.RT,1573.00
26,SS ExpB,2,Sad 4 Male.JPG,Sad,Sad,Total Slide1.RT,674.00
26,SS ExpB,3,Happy 3 Female.JPG,Sad,Happy,Total Slide1.RT,1081.00
26,SS ExpB,4,Happy 4 Female.JPG,Happy,Happy,Total Slide1.RT,865.00
26,SS ExpB,6,Sad 2 Female.JPG,Sad,Sad,Total Slide1.RT,769.00
26,SS ExpB,8,Happy 2 Male.JPG,Happy,Happy,Total Slide1.RT,1165.00
26,SS ExpB,9,Sad 7 Male.JPG,Happy,Sad,Total Slide1.RT,1436.00
26,SS ExpB,11,Happy 7 Female.JPG,Sad,Happy,Total Slide1.RT,714.00
26,SS ExpB,12,Happy 8 Female.JPG,Happy,Happy,Total Slide1.RT,986.00
26,SS ExpB,13,Sad 5 Female.JPG,Happy,Sad,Total Slide1.RT,1097.00
26,SS ExpB,14,Sad 6 Female.JPG,Sad,Sad,Total Slide1.RT,793.00
26,SS ExpB,16,Happy 6 Male.JPG,Happy,Happy,Total Slide1.RT,1381.00
26,SS ExpB,17,Sad 11 Male.JPG,Happy,Sad,Total Slide1.RT,1142.00
26,SS ExpB,18,Sad 12 Male.JPG,Sad,Sad,Total Slide1.RT,681.00
26,SS ExpB,20,Happy 12 Female.JPG,Happy,Happy,Total Slide1.RT,1297.00
26,SS ExpB,21,Sad 9 Female.JPG,Happy,Sad,Total Slide1.RT,1045.00
26,SS ExpB,22,Sad 10 Female.JPG,Sad,Sad,Total Slide1.RT,1439.00
26,SS ExpB,23,Happy 9 Male.JPG,Sad,Happy,Total Slide1.RT,1266.00
26,SS ExpB,24,Happy 10 Male.JPG,Happy,Happy,Total Slide1.RT,579.00
26,SS ExpB,25,Sad 15 Male.JPG,Happy,Sad,Total Slide1.RT,1478.00
26,SS ExpB,27,Happy 15 Female.JPG,Sad,Happy,Total Slide1.RT,879.00
26,SS ExpB,28,Happy 16 Female.JPG,Happy,Happy,Total Slide1.RT,820.00
26,SS ExpB,29,Sad 13 Female.JPG,Happy,Sad,Total Slide1.RT,2096.00
26,SS ExpB,30,Sad 14 Female.JPG,Sad,Sad,Total Slide1.RT,835.00
26,SS ExpB,31,Happy 13 Male.JPG ,Sad,Happy,Total Slide1.RT,2426.00
27,SS ExpB,1,Sad 3 Male.JPG,Happy,Sad,Total Slide1.RT,1027.00
27,SS ExpB,2,Sad 4 Male.JPG,Sad,Sad,Total Slide1.RT,767.00
27,SS ExpB,3,Happy 3 Female.JPG,Sad,Happy,Total Slide1.RT,956.00
27,SS ExpB,4,Happy 4 Female.JPG,Happy,Happy,Total Slide1.RT,822.00
27,SS ExpB,5,Sad 1 Female.JPG,Happy,Sad,Total Slide1.RT,1142.00
27,SS ExpB,6,Sad 2 Female.JPG,Sad,Sad,Total Slide1.RT,1442.00
27,SS ExpB,7,Happy 1 Male.JPG,Sad,Happy,Total Slide1.RT,832.00
27,SS ExpB,8,Happy 2 Male.JPG,Happy,Happy,Total Slide1.RT,753.00
27,SS ExpB,9,Sad 7 Male.JPG,Happy,Sad,Total Slide1.RT,1915.00
27,SS ExpB,10,Sad 8 Male.JPG,Sad,Sad,Total Slide1.RT,932.00
27,SS ExpB,11,Happy 7 Female.JPG,Sad,Happy,Total Slide1.RT,753.00
27,SS ExpB,12,Happy 8 Female.JPG,Happy,Happy,Total Slide1.RT,718.00
27,SS ExpB,13,Sad 5 Female.JPG,Happy,Sad,Total Slide1.RT,1056.00
27,SS ExpB,14,Sad 6 Female.JPG,Sad,Sad,Total Slide1.RT,2208.00
27,SS ExpB,15,Happy 5 Male.JPG,Sad,Happy,Total Slide1.RT,1424.00
27,SS ExpB,16,Happy 6 Male.JPG,Happy,Happy,Total Slide1.RT,1099.00
27,SS ExpB,18,Sad 12 Male.JPG,Sad,Sad,Total Slide1.RT,1083.00
27,SS ExpB,19,Happy 11 Female.JPG,Sad,Happy,Total Slide1.RT,1920.00
27,SS ExpB,21,Sad 9 Female.JPG,Happy,Sad,Total Slide1.RT,1290.00
27,SS ExpB,22,Sad 10 Female.JPG,Sad,Sad,Total Slide1.RT,929.00
27,SS ExpB,23,Happy 9 Male.JPG,Sad,Happy,Total Slide1.RT,1169.00
27,SS ExpB,24,Happy 10 Male.JPG,Happy,Happy,Total Slide1.RT,1215.00
27,SS ExpB,25,Sad 15 Male.JPG,Happy,Sad,Total Slide1.RT,1301.00
27,SS ExpB,26,Sad 16 Male.JPG,Sad,Sad,Total Slide1.RT,1170.00
27,SS ExpB,27,Happy 15 Female.JPG,Sad,Happy,Total Slide1.RT,848.00
27,SS ExpB,28,Happy 16 Female.JPG,Happy,Happy,Total Slide1.RT,789.00
27,SS ExpB,29,Sad 13 Female.JPG,Happy,Sad,Total Slide1.RT,1233.00
27,SS ExpB,30,Sad 14 Female.JPG,Sad,Sad,Total Slide1.RT,940.00
27,SS ExpB,31,Happy 13 Male.JPG ,Sad,Happy,Total Slide1.RT,1071.00
27,SS ExpB,32,Happy 14 Male.JPG,Happy,Happy,Total Slide1.RT,1417.00
28,SS ExpB,1,Sad 3 Male.JPG,Happy,Sad,Total Slide1.RT,1202.00
28,SS ExpB,2,Sad 4 Male.JPG,Sad,Sad,Total Slide1.RT,771.00
28,SS ExpB,4,Happy 4 Female.JPG,Happy,Happy,Total Slide1.RT,899.00
28,SS ExpB,6,Sad 2 Female.JPG,Sad,Sad,Total Slide1.RT,846.00
28,SS ExpB,8,Happy 2 Male.JPG,Happy,Happy,Total Slide1.RT,1023.00
28,SS ExpB,9,Sad 7 Male.JPG,Happy,Sad,Total Slide1.RT,1289.00
28,SS ExpB,11,Happy 7 Female.JPG,Sad,Happy,Total Slide1.RT,832.00
28,SS ExpB,12,Happy 8 Female.JPG,Happy,Happy,Total Slide1.RT,866.00
28,SS ExpB,13,Sad 5 Female.JPG,Happy,Sad,Total Slide1.RT,1234.00
28,SS ExpB,15,Happy 5 Male.JPG,Sad,Happy,Total Slide1.RT,1059.00
28,SS ExpB,16,Happy 6 Male.JPG,Happy,Happy,Total Slide1.RT,1379.00
28,SS ExpB,17,Sad 11 Male.JPG,Happy,Sad,Total Slide1.RT,2343.00
28,SS ExpB,18,Sad 12 Male.JPG,Sad,Sad,Total Slide1.RT,1455.00
28,SS ExpB,19,Happy 11 Female.JPG,Sad,Happy,Total Slide1.RT,1081.00
28,SS ExpB,20,Happy 12 Female.JPG,Happy,Happy,Total Slide1.RT,881.00
28,SS ExpB,21,Sad 9 Female.JPG,Happy,Sad,Total Slide1.RT,2475.00
28,SS ExpB,22,Sad 10 Female.JPG,Sad,Sad,Total Slide1.RT,1007.00
28,SS ExpB,23,Happy 9 Male.JPG,Sad,Happy,Total Slide1.RT,1772.00
28,SS ExpB,24,Happy 10 Male.JPG,Happy,Happy,Total Slide1.RT,1440.00
28,SS ExpB,25,Sad 15 Male.JPG,Happy,Sad,Total Slide1.RT,1041.00
28,SS ExpB,26,Sad 16 Male.JPG,Sad,Sad,Total Slide1.RT,1205.00
28,SS ExpB,27,Happy 15 Female.JPG,Sad,Happy,Total Slide1.RT,1220.00
28,SS ExpB,29,Sad 13 Female.JPG,Happy,Sad,Total Slide1.RT,655.00
28,SS ExpB,30,Sad 14 Female.JPG,Sad,Sad,Total Slide1.RT,1366.00
29,SS ExpA,1,Happy 1 Male.JPG,Happy,Happy,Total Slide1.RT,1748.00
29,SS ExpA,2,Happy 2 Male.JPG,Sad,Happy,Total Slide1.RT,2003.00
29,SS ExpA,3,Sad 1 Female.JPG,Sad,Sad,Total Slide1.RT,1815.00
29,SS ExpA,4,Sad 2 Female.JPG,Happy,Sad,Total Slide1.RT,4664.00
29,SS ExpA,5,Happy 3 Female.JPG,Happy,Happy,Total Slide1.RT,1753.00
29,SS ExpA,6,Happy 4 Female.JPG,Sad,Happy,Total Slide1.RT,2606.00
29,SS ExpA,7,Sad 3 Male.JPG,Sad,Sad,Total Slide1.RT,1697.00
29,SS ExpA,8,Sad 4 Male.JPG,Happy,Sad,Total Slide1.RT,4491.00
29,SS ExpA,9,Happy 5 Male.JPG,Happy,Happy,Total Slide1.RT,2663.00
29,SS ExpA,10,Happy 6 Male.JPG,Sad,Happy,Total Slide1.RT,2153.00
29,SS ExpA,11,Sad 5 Female.JPG,Sad,Sad,Total Slide1.RT,1892.00
29,SS ExpA,12,Sad 6 Female.JPG,Happy,Sad,Total Slide1.RT,1935.00
29,SS ExpA,13,Happy 7 Female.JPG,Happy,Happy,Total Slide1.RT,1450.00
29,SS ExpA,14,Happy 8 Female.JPG,Sad,Happy,Total Slide1.RT,7540.00
29,SS ExpA,15,Sad 7 Male.JPG,Sad,Sad,Total Slide1.RT,2172.00
29,SS ExpA,17,Happy 9 Male.JPG,Happy,Happy,Total Slide1.RT,1678.00
29,SS ExpA,18,Happy 10 Male.JPG,Sad,Happy,Total Slide1.RT,2463.00
29,SS ExpA,19,Sad 9 Female.JPG,Sad,Sad,Total Slide1.RT,1950.00
29,SS ExpA,20,Sad 10 Female.JPG,Happy,Sad,Total Slide1.RT,2960.00
29,SS ExpA,21,Happy 11 Female.JPG,Happy,Happy,Total Slide1.RT,3424.00
29,SS ExpA,22,Happy 12 Female.JPG,Sad,Happy,Total Slide1.RT,4153.00
29,SS ExpA,23,Sad 11 Male.JPG,Sad,Sad,Total Slide1.RT,2608.00
29,SS ExpA,24,Sad 12 Male.JPG,Happy,Sad,Total Slide1.RT,2906.00
29,SS ExpA,25,Happy 13 Male.JPG,Happy,Happy,Total Slide1.RT,1495.00
29,SS ExpA,26,Happy 14 Male.JPG,Sad,Happy,Total Slide1.RT,2596.00
29,SS ExpA,27,Sad 13 Female.JPG,Sad,Sad,Total Slide1.RT,1454.00
29,SS ExpA,29,Happy 15 Female.JPG,Happy,Happy,Total Slide1.RT,1719.00
29,SS ExpA,30,Happy 16 Female.JPG,Sad,Happy,Total Slide1.RT,4107.00
29,SS ExpA,31,Sad 15 Male.JPG,Sad,Sad,Total Slide1.RT,2348.00
29,SS ExpA,32,Sad 16 Male.JPG,Happy,Sad,Total Slide1.RT,2073.00
30,SS ExpA,1,Happy 1 Male.JPG,Happy,Happy,Total Slide1.RT,1399.00
30,SS ExpA,2,Happy 2 Male.JPG,Sad,Happy,Total Slide1.RT,1747.00
30,SS ExpA,3,Sad 1 Female.JPG,Sad,Sad,Total Slide1.RT,1337.00
30,SS ExpA,4,Sad 2 Female.JPG,Happy,Sad,Total Slide1.RT,1166.00
30,SS ExpA,5,Happy 3 Female.JPG,Happy,Happy,Total Slide1.RT,1545.00
30,SS ExpA,6,Happy 4 Female.JPG,Sad,Happy,Total Slide1.RT,1322.00
30,SS ExpA,7,Sad 3 Male.JPG,Sad,Sad,Total Slide1.RT,1523.00
30,SS ExpA,8,Sad 4 Male.JPG,Happy,Sad,Total Slide1.RT,1913.00
30,SS ExpA,10,Happy 6 Male.JPG,Sad,Happy,Total Slide1.RT,1561.00
30,SS ExpA,11,Sad 5 Female.JPG,Sad,Sad,Total Slide1.RT,1199.00
30,SS ExpA,12,Sad 6 Female.JPG,Happy,Sad,Total Slide1.RT,1297.00
30,SS ExpA,13,Happy 7 Female.JPG,Happy,Happy,Total Slide1.RT,2773.00
30,SS ExpA,14,Happy 8 Female.JPG,Sad,Happy,Total Slide1.RT,2013.00
30,SS ExpA,15,Sad 7 Male.JPG,Sad,Sad,Total Slide1.RT,1596.00
30,SS ExpA,16,Sad 8 Male.JPG,Happy,Sad,Total Slide1.RT,1208.00
30,SS ExpA,17,Happy 9 Male.JPG,Happy,Happy,Total Slide1.RT,1508.00
30,SS ExpA,18,Happy 10 Male.JPG,Sad,Happy,Total Slide1.RT,2065.00
30,SS ExpA,19,Sad 9 Female.JPG,Sad,Sad,Total Slide1.RT,1236.00
30,SS ExpA,20,Sad 10 Female.JPG,Happy,Sad,Total Slide1.RT,2185.00
30,SS ExpA,21,Happy 11 Female.JPG,Happy,Happy,Total Slide1.RT,1834.00
30,SS ExpA,22,Happy 12 Female.JPG,Sad,Happy,Total Slide1.RT,1069.00
30,SS ExpA,23,Sad 11 Male.JPG,Sad,Sad,Total Slide1.RT,1871.00
30,SS ExpA,24,Sad 12 Male.JPG,Happy,Sad,Total Slide1.RT,1704.00
30,SS ExpA,25,Happy 13 Male.JPG,Happy,Happy,Total Slide1.RT,1968.00
30,SS ExpA,27,Sad 13 Female.JPG,Sad,Sad,Total Slide1.RT,2053.00
30,SS ExpA,28,Sad 14 Female.JPG,Happy,Sad,Total Slide1.RT,1431.00
30,SS ExpA,29,Happy 15 Female.JPG,Happy,Happy,Total Slide1.RT,1045.00
30,SS ExpA,30,Happy 16 Female.JPG,Sad,Happy,Total Slide1.RT,1891.00
30,SS ExpA,31,Sad 15 Male.JPG,Sad,Sad,Total Slide1.RT,1362.00
30,SS ExpA,32,Sad 16 Male.JPG,Happy,Sad,Total Slide1.RT,940.00
31,SS ExpA,1,Happy 1 Male.JPG,Happy,Happy,Total Slide1.RT,837.00
31,SS ExpA,2,Happy 2 Male.JPG,Sad,Happy,Total Slide1.RT,848.00
31,SS ExpA,3,Sad 1 Female.JPG,Sad,Sad,Total Slide1.RT,689.00
31,SS ExpA,4,Sad 2 Female.JPG,Happy,Sad,Total Slide1.RT,1094.00
31,SS ExpA,5,Happy 3 Female.JPG,Happy,Happy,Total Slide1.RT,718.00
31,SS ExpA,6,Happy 4 Female.JPG,Sad,Happy,Total Slide1.RT,674.00
31,SS ExpA,7,Sad 3 Male.JPG,Sad,Sad,Total Slide1.RT,806.00
31,SS ExpA,8,Sad 4 Male.JPG,Happy,Sad,Total Slide1.RT,1139.00
31,SS ExpA,9,Happy 5 Male.JPG,Happy,Happy,Total Slide1.RT,747.00
31,SS ExpA,10,Happy 6 Male.JPG,Sad,Happy,Total Slide1.RT,752.00
31,SS ExpA,11,Sad 5 Female.JPG,Sad,Sad,Total Slide1.RT,752.00
31,SS ExpA,13,Happy 7 Female.JPG,Happy,Happy,Total Slide1.RT,764.00
31,SS ExpA,15,Sad 7 Male.JPG,Sad,Sad,Total Slide1.RT,722.00
31,SS ExpA,16,Sad 8 Male.JPG,Happy,Sad,Total Slide1.RT,842.00
31,SS ExpA,17,Happy 9 Male.JPG,Happy,Happy,Total Slide1.RT,741.00
31,SS ExpA,18,Happy 10 Male.JPG,Sad,Happy,Total Slide1.RT,746.00
31,SS ExpA,19,Sad 9 Female.JPG,Sad,Sad,Total Slide1.RT,937.00
31,SS ExpA,20,Sad 10 Female.JPG,Happy,Sad,Total Slide1.RT,1211.00
31,SS ExpA,21,Happy 11 Female.JPG,Happy,Happy,Total Slide1.RT,719.00
31,SS ExpA,22,Happy 12 Female.JPG,Sad,Happy,Total Slide1.RT,981.00
31,SS ExpA,23,Sad 11 Male.JPG,Sad,Sad,Total Slide1.RT,843.00
31,SS ExpA,24,Sad 12 Male.JPG,Happy,Sad,Total Slide1.RT,993.00
31,SS ExpA,25,Happy 13 Male.JPG,Happy,Happy,Total Slide1.RT,893.00
31,SS ExpA,26,Happy 14 Male.JPG,Sad,Happy,Total Slide1.RT,657.00
31,SS ExpA,27,Sad 13 Female.JPG,Sad,Sad,Total Slide1.RT,801.00
31,SS ExpA,28,Sad 14 Female.JPG,Happy,Sad,Total Slide1.RT,877.00
31,SS ExpA,29,Happy 15 Female.JPG,Happy,Happy,Total Slide1.RT,625.00
31,SS ExpA,30,Happy 16 Female.JPG,Sad,Happy,Total Slide1.RT,826.00
31,SS ExpA,31,Sad 15 Male.JPG,Sad,Sad,Total Slide1.RT,649.00
31,SS ExpA,32,Sad 16 Male.JPG,Happy,Sad,Total Slide1.RT,1020.00
32,SS ExpA,1,Happy 1 Male.JPG,Happy,Happy,Total Slide1.RT,1396.00
32,SS ExpA,3,Sad 1 Female.JPG,Sad,Sad,Total Slide1.RT,1231.00
32,SS ExpA,4,Sad 2 Female.JPG,Happy,Sad,Total Slide1.RT,1397.00
32,SS ExpA,5,Happy 3 Female.JPG,Happy,Happy,Total Slide1.RT,1392.00
32,SS ExpA,7,Sad 3 Male.JPG,Sad,Sad,Total Slide1.RT,1215.00
32,SS ExpA,8,Sad 4 Male.JPG,Happy,Sad,Total Slide1.RT,1295.00
32,SS ExpA,9,Happy 5 Male.JPG,Happy,Happy,Total Slide1.RT,1459.00
32,SS ExpA,10,Happy 6 Male.JPG,Sad,Happy,Total Slide1.RT,1257.00
32,SS ExpA,11,Sad 5 Female.JPG,Sad,Sad,Total Slide1.RT,1267.00
32,SS ExpA,12,Sad 6 Female.JPG,Happy,Sad,Total Slide1.RT,1686.00
32,SS ExpA,14,Happy 8 Female.JPG,Sad,Happy,Total Slide1.RT,1512.00
32,SS ExpA,15,Sad 7 Male.JPG,Sad,Sad,Total Slide1.RT,1217.00
32,SS ExpA,16,Sad 8 Male.JPG,Happy,Sad,Total Slide1.RT,1539.00
32,SS ExpA,17,Happy 9 Male.JPG,Happy,Happy,Total Slide1.RT,1362.00
32,SS ExpA,18,Happy 10 Male.JPG,Sad,Happy,Total Slide1.RT,1505.00
32,SS ExpA,19,Sad 9 Female.JPG,Sad,Sad,Total Slide1.RT,1656.00
32,SS ExpA,20,Sad 10 Female.JPG,Happy,Sad,Total Slide1.RT,1641.00
32,SS ExpA,21,Happy 11 Female.JPG,Happy,Happy,Total Slide1.RT,1330.00
32,SS ExpA,22,Happy 12 Female.JPG,Sad,Happy,Total Slide1.RT,1580.00
32,SS ExpA,23,Sad 11 Male.JPG,Sad,Sad,Total Slide1.RT,2142.00
32,SS ExpA,24,Sad 12 Male.JPG,Happy,Sad,Total Slide1.RT,1470.00
32,SS ExpA,25,Happy 13 Male.JPG,Happy,Happy,Total Slide1.RT,1374.00
32,SS ExpA,26,Happy 14 Male.JPG,Sad,Happy,Total Slide1.RT,1217.00
32,SS ExpA,27,Sad 13 Female.JPG,Sad,Sad,Total Slide1.RT,1386.00
32,SS ExpA,28,Sad 14 Female.JPG,Happy,Sad,Total Slide1.RT,1576.00
32,SS ExpA,29,Happy 15 Female.JPG,Happy,Happy,Total Slide1.RT,1568.00
32,SS ExpA,30,Happy 16 Female.JPG,Sad,Happy,Total Slide1.RT,1362.00
32,SS ExpA,31,Sad 15 Male.JPG,Sad,Sad,Total Slide1.RT,1359.00
32,SS ExpA,32,Sad 16 Male.JPG,Happy,Sad,Total Slide1.RT,2648.00
34,SS ExpB,1,Sad 3 Male.JPG,Happy,Sad,Total Slide1.RT,806.00
34,SS ExpB,2,Sad 4 Male.JPG,Sad,Sad,Total Slide1.RT,669.00
34,SS ExpB,3,Happy 3 Female.JPG,Sad,Happy,Total Slide1.RT,967.00
34,SS ExpB,4,Happy 4 Female.JPG,Happy,Happy,Total Slide1.RT,1104.00
34,SS ExpB,5,Sad 1 Female.JPG,Happy,Sad,Total Slide1.RT,1048.00
34,SS ExpB,6,Sad 2 Female.JPG,Sad,Sad,Total Slide1.RT,615.00
34,SS ExpB,7,Happy 1 Male.JPG,Sad,Happy,Total Slide1.RT,1429.00
34,SS ExpB,8,Happy 2 Male.JPG,Happy,Happy,Total Slide1.RT,630.00
34,SS ExpB,11,Happy 7 Female.JPG,Sad,Happy,Total Slide1.RT,693.00
34,SS ExpB,12,Happy 8 Female.JPG,Happy,Happy,Total Slide1.RT,952.00
34,SS ExpB,13,Sad 5 Female.JPG,Happy,Sad,Total Slide1.RT,1175.00
34,SS ExpB,14,Sad 6 Female.JPG,Sad,Sad,Total Slide1.RT,809.00
34,SS ExpB,15,Happy 5 Male.JPG,Sad,Happy,Total Slide1.RT,823.00
34,SS ExpB,17,Sad 11 Male.JPG,Happy,Sad,Total Slide1.RT,759.00
34,SS ExpB,19,Happy 11 Female.JPG,Sad,Happy,Total Slide1.RT,1185.00
34,SS ExpB,20,Happy 12 Female.JPG,Happy,Happy,Total Slide1.RT,1227.00
34,SS ExpB,21,Sad 9 Female.JPG,Happy,Sad,Total Slide1.RT,1612.00
34,SS ExpB,22,Sad 10 Female.JPG,Sad,Sad,Total Slide1.RT,942.00
34,SS ExpB,23,Happy 9 Male.JPG,Sad,Happy,Total Slide1.RT,1526.00
34,SS ExpB,24,Happy 10 Male.JPG,Happy,Happy,Total Slide1.RT,662.00
34,SS ExpB,25,Sad 15 Male.JPG,Happy,Sad,Total Slide1.RT,1259.00
34,SS ExpB,26,Sad 16 Male.JPG,Sad,Sad,Total Slide1.RT,687.00
34,SS ExpB,28,Happy 16 Female.JPG,Happy,Happy,Total Slide1.RT,835.00
34,SS ExpB,30,Sad 14 Female.JPG,Sad,Sad,Total Slide1.RT,750.00
34,SS ExpB,31,Happy 13 Male.JPG ,Sad,Happy,Total Slide1.RT,719.00
36,SS ExpB,1,Sad 3 Male.JPG,Happy,Sad,Total Slide1.RT,1626.00
36,SS ExpB,2,Sad 4 Male.JPG,Sad,Sad,Total Slide1.RT,1194.00
36,SS ExpB,3,Happy 3 Female.JPG,Sad,Happy,Total Slide1.RT,1750.00
36,SS ExpB,4,Happy 4 Female.JPG,Happy,Happy,Total Slide1.RT,1427.00
36,SS ExpB,5,Sad 1 Female.JPG,Happy,Sad,Total Slide1.RT,2056.00
36,SS ExpB,6,Sad 2 Female.JPG,Sad,Sad,Total Slide1.RT,1045.00
36,SS ExpB,7,Happy 1 Male.JPG,Sad,Happy,Total Slide1.RT,2376.00
36,SS ExpB,8,Happy 2 Male.JPG,Happy,Happy,Total Slide1.RT,2145.00
36,SS ExpB,9,Sad 7 Male.JPG,Happy,Sad,Total Slide1.RT,2978.00
36,SS ExpB,10,Sad 8 Male.JPG,Sad,Sad,Total Slide1.RT,1720.00
36,SS ExpB,11,Happy 7 Female.JPG,Sad,Happy,Total Slide1.RT,1511.00
36,SS ExpB,12,Happy 8 Female.JPG,Happy,Happy,Total Slide1.RT,1996.00
36,SS ExpB,13,Sad 5 Female.JPG,Happy,Sad,Total Slide1.RT,2848.00
36,SS ExpB,14,Sad 6 Female.JPG,Sad,Sad,Total Slide1.RT,1314.00
36,SS ExpB,15,Happy 5 Male.JPG,Sad,Happy,Total Slide1.RT,3040.00
36,SS ExpB,16,Happy 6 Male.JPG,Happy,Happy,Total Slide1.RT,1896.00
36,SS ExpB,17,Sad 11 Male.JPG,Happy,Sad,Total Slide1.RT,3527.00
36,SS ExpB,18,Sad 12 Male.JPG,Sad,Sad,Total Slide1.RT,2317.00
36,SS ExpB,19,Happy 11 Female.JPG,Sad,Happy,Total Slide1.RT,1551.00
36,SS ExpB,20,Happy 12 Female.JPG,Happy,Happy,Total Slide1.RT,1712.00
36,SS ExpB,21,Sad 9 Female.JPG,Happy,Sad,Total Slide1.RT,2634.00
36,SS ExpB,23,Happy 9 Male.JPG,Sad,Happy,Total Slide1.RT,1912.00
36,SS ExpB,24,Happy 10 Male.JPG,Happy,Happy,Total Slide1.RT,1419.00
36,SS ExpB,25,Sad 15 Male.JPG,Happy,Sad,Total Slide1.RT,2371.00
36,SS ExpB,26,Sad 16 Male.JPG,Sad,Sad,Total Slide1.RT,1938.00
36,SS ExpB,27,Happy 15 Female.JPG,Sad,Happy,Total Slide1.RT,3184.00
36,SS ExpB,28,Happy 16 Female.JPG,Happy,Happy,Total Slide1.RT,1504.00
36,SS ExpB,29,Sad 13 Female.JPG,Happy,Sad,Total Slide1.RT,2828.00
36,SS ExpB,30,Sad 14 Female.JPG,Sad,Sad,Total Slide1.RT,1284.00
36,SS ExpB,31,Happy 13 Male.JPG ,Sad,Happy,Total Slide1.RT,1648.00
36,SS ExpB,32,Happy 14 Male.JPG,Happy,Happy,Total Slide1.RT,1401.00
37,SS ExpB,1,Sad 3 Male.JPG,Happy,Sad,Total Slide1.RT,865.00
37,SS ExpB,2,Sad 4 Male.JPG,Sad,Sad,Total Slide1.RT,1263.00
37,SS ExpB,3,Happy 3 Female.JPG,Sad,Happy,Total Slide1.RT,1566.00
37,SS ExpB,4,Happy 4 Female.JPG,Happy,Happy,Total Slide1.RT,806.00
37,SS ExpB,5,Sad 1 Female.JPG,Happy,Sad,Total Slide1.RT,1019.00
37,SS ExpB,6,Sad 2 Female.JPG,Sad,Sad,Total Slide1.RT,893.00
37,SS ExpB,7,Happy 1 Male.JPG,Sad,Happy,Total Slide1.RT,1729.00
37,SS ExpB,8,Happy 2 Male.JPG,Happy,Happy,Total Slide1.RT,1362.00
37,SS ExpB,9,Sad 7 Male.JPG,Happy,Sad,Total Slide1.RT,1374.00
37,SS ExpB,10,Sad 8 Male.JPG,Sad,Sad,Total Slide1.RT,1244.00
37,SS ExpB,11,Happy 7 Female.JPG,Sad,Happy,Total Slide1.RT,1097.00
37,SS ExpB,12,Happy 8 Female.JPG,Happy,Happy,Total Slide1.RT,771.00
37,SS ExpB,13,Sad 5 Female.JPG,Happy,Sad,Total Slide1.RT,1677.00
37,SS ExpB,14,Sad 6 Female.JPG,Sad,Sad,Total Slide1.RT,1286.00
37,SS ExpB,15,Happy 5 Male.JPG,Sad,Happy,Total Slide1.RT,1121.00
37,SS ExpB,16,Happy 6 Male.JPG,Happy,Happy,Total Slide1.RT,1222.00
37,SS ExpB,17,Sad 11 Male.JPG,Happy,Sad,Total Slide1.RT,1113.00
37,SS ExpB,18,Sad 12 Male.JPG,Sad,Sad,Total Slide1.RT,1003.00
37,SS ExpB,19,Happy 11 Female.JPG,Sad,Happy,Total Slide1.RT,1408.00
37,SS ExpB,20,Happy 12 Female.JPG,Happy,Happy,Total Slide1.RT,809.00
37,SS ExpB,21,Sad 9 Female.JPG,Happy,Sad,Total Slide1.RT,1418.00
37,SS ExpB,22,Sad 10 Female.JPG,Sad,Sad,Total Slide1.RT,983.00
37,SS ExpB,24,Happy 10 Male.JPG,Happy,Happy,Total Slide1.RT,961.00
37,SS ExpB,25,Sad 15 Male.JPG,Happy,Sad,Total Slide1.RT,1166.00
37,SS ExpB,26,Sad 16 Male.JPG,Sad,Sad,Total Slide1.RT,1118.00
37,SS ExpB,28,Happy 16 Female.JPG,Happy,Happy,Total Slide1.RT,1524.00
37,SS ExpB,29,Sad 13 Female.JPG,Happy,Sad,Total Slide1.RT,1216.00
37,SS ExpB,30,Sad 14 Female.JPG,Sad,Sad,Total Slide1.RT,1054.00
37,SS ExpB,31,Happy 13 Male.JPG ,Sad,Happy,Total Slide1.RT,1206.00
37,SS ExpB,32,Happy 14 Male.JPG,Happy,Happy,Total Slide1.RT,893.00
49,SS ExpB,1,Sad 3 Male.JPG,Happy,Sad,Total Slide1.RT,1024.00
49,SS ExpB,3,Happy 3 Female.JPG,Sad,Happy,Total Slide1.RT,2561.00
49,SS ExpB,5,Sad 1 Female.JPG,Happy,Sad,Total Slide1.RT,1718.00
49,SS ExpB,6,Sad 2 Female.JPG,Sad,Sad,Total Slide1.RT,872.00
49,SS ExpB,8,Happy 2 Male.JPG,Happy,Happy,Total Slide1.RT,1222.00
49,SS ExpB,10,Sad 8 Male.JPG,Sad,Sad,Total Slide1.RT,2587.00
49,SS ExpB,11,Happy 7 Female.JPG,Sad,Happy,Total Slide1.RT,3279.00
49,SS ExpB,12,Happy 8 Female.JPG,Happy,Happy,Total Slide1.RT,853.00
49,SS ExpB,14,Sad 6 Female.JPG,Sad,Sad,Total Slide1.RT,1665.00
49,SS ExpB,15,Happy 5 Male.JPG,Sad,Happy,Total Slide1.RT,1392.00
49,SS ExpB,16,Happy 6 Male.JPG,Happy,Happy,Total Slide1.RT,1613.00
49,SS ExpB,17,Sad 11 Male.JPG,Happy,Sad,Total Slide1.RT,1905.00
49,SS ExpB,18,Sad 12 Male.JPG,Sad,Sad,Total Slide1.RT,1440.00
49,SS ExpB,20,Happy 12 Female.JPG,Happy,Happy,Total Slide1.RT,770.00
49,SS ExpB,21,Sad 9 Female.JPG,Happy,Sad,Total Slide1.RT,1702.00
49,SS ExpB,22,Sad 10 Female.JPG,Sad,Sad,Total Slide1.RT,1466.00
49,SS ExpB,25,Sad 15 Male.JPG,Happy,Sad,Total Slide1.RT,2381.00
49,SS ExpB,26,Sad 16 Male.JPG,Sad,Sad,Total Slide1.RT,1098.00
49,SS ExpB,27,Happy 15 Female.JPG,Sad,Happy,Total Slide1.RT,2149.00
49,SS ExpB,28,Happy 16 Female.JPG,Happy,Happy,Total Slide1.RT,1347.00
49,SS ExpB,29,Sad 13 Female.JPG,Happy,Sad,Total Slide1.RT,1850.00
49,SS ExpB,30,Sad 14 Female.JPG,Sad,Sad,Total Slide1.RT,1365.00
49,SS ExpB,31,Happy 13 Male.JPG ,Sad,Happy,Total Slide1.RT,1058.00